val ,h1,h2,time_arduino,time_python
0,0.0,0.0,0.0,1708075189.5679345
1,0.0,0.0,0.0,1708075190.5758739
2,0.01,-0.01,1665.0,1708075191.3255472
3,0.01,-0.02,1793.0,1708075191.451567
4,0.01,-0.02,1918.0,1708075191.5738902
5,0.01,-0.01,2041.0,1708075191.6967819
6,0.02,0.0,2164.0,1708075191.8201337
7,0.0,-0.0,2287.0,1708075191.9430177
8,0.01,-0.01,2410.0,1708075192.0654912
9,0.02,-0.0,2533.0,1708075192.189915
10,0.0,-0.02,2657.0,1708075192.31579
11,0.02,-0.02,2783.0,1708075192.441686
12,0.06,-0.02,2909.0,1708075192.5676339
13,0.03,-0.05,3035.0,1708075192.693655
14,-0.01,-0.03,3161.0,1708075192.8184488
15,-0.04,-0.03,3287.0,1708075192.9454646
16,-0.01,-0.02,3412.0,1708075193.0715384
17,0.01,-0.02,3538.0,1708075193.196447
18,0.02,-0.03,3663.0,1708075193.3192236
19,0.09,-0.02,3786.0,1708075193.4461427
20,0.39,-0.0,3914.0,1708075193.571157
21,0.57,0.02,4038.0,1708075193.697042
22,0.82,0.01,4164.0,1708075193.8221443
23,0.97,0.0,4289.0,1708075193.9459171
24,1.11,0.0,4413.0,1708075194.0697672
25,1.39,0.02,4537.0,1708075194.1936395
26,1.5,0.02,4661.0,1708075194.3215742
27,1.86,0.03,4789.0,1708075194.4474068
28,1.98,0.05,4914.0,1708075194.571512
29,2.09,0.06,5039.0,1708075194.6974893
30,2.26,0.16,5165.0,1708075194.8231072
31,2.35,0.25,5289.0,1708075194.9472601
32,2.5,0.46,5414.0,1708075195.0725915
33,2.56,0.55,5539.0,1708075195.1981783
34,2.63,0.63,5665.0,1708075195.3231227
35,2.76,0.79,5790.0,1708075195.4493673
36,2.83,0.89,5916.0,1708075195.572892
37,2.98,0.95,6039.0,1708075195.6977074
38,3.03,1.08,6164.0,1708075195.8232977
39,3.11,1.11,6290.0,1708075195.9492793
40,3.37,1.19,6416.0,1708075196.0726192
41,3.45,1.23,6540.0,1708075196.1953433
42,3.64,1.3,6663.0,1708075196.3172364
43,3.74,1.37,6784.0,1708075196.4473526
44,3.85,1.43,6915.0,1708075196.5772736
45,4.06,1.46,7044.0,1708075196.7023556
46,4.15,1.54,7170.0,1708075196.82821
47,4.37,1.59,7294.0,1708075196.9542258
48,4.48,1.68,7421.0,1708075197.079072
49,4.57,1.72,7545.0,1708075197.2059503
50,4.78,1.78,7672.0,1708075197.3299212
51,4.89,1.86,7796.0,1708075197.452864
52,5.1,1.9,7919.0,1708075197.5757222
53,5.21,1.93,8043.0,1708075197.698169
54,5.31,2.02,8165.0,1708075197.8212693
55,5.51,2.07,8288.0,1708075197.9537218
56,5.61,2.11,8420.0,1708075198.080842
57,5.83,2.2,8547.0,1708075198.2064605
58,5.92,2.23,8673.0,1708075198.3312283
59,6.03,2.32,8798.0,1708075198.4553416
60,6.23,2.36,8922.0,1708075198.578178
61,6.34,2.41,9044.0,1708075198.704954
62,6.55,2.48,9171.0,1708075198.8320718
63,6.64,2.52,9298.0,1708075198.955957
64,6.74,2.57,9422.0,1708075199.0798237
65,6.94,2.66,9545.0,1708075199.2060645
66,7.06,2.7,9672.0,1708075199.329834
67,7.26,2.78,9796.0,1708075199.4559696
68,7.36,2.82,9922.0,1708075199.5814536
69,7.46,2.87,10048.0,1708075199.7073412
70,7.67,2.94,10174.0,1708075199.834889
71,7.77,2.98,10301.0,1708075199.9590964
72,7.97,3.03,10426.0,1708075200.0884392
73,8.08,3.12,10555.0,1708075200.2134428
74,8.18,3.16,10680.0,1708075200.3423352
75,8.39,3.24,10809.0,1708075200.4673066
76,8.49,3.27,10934.0,1708075200.5933084
77,8.68,3.31,11059.0,1708075200.720196
78,8.77,3.42,11186.0,1708075200.8462026
79,8.88,3.46,11313.0,1708075200.970622
80,9.1,3.54,11437.0,1708075201.0938394
81,9.2,3.58,11559.0,1708075201.2229254
82,9.41,3.64,11688.0,1708075201.3499362
83,9.51,3.7,11816.0,1708075201.4745386
84,9.71,3.73,11941.0,1708075201.60154
85,9.81,3.79,12067.0,1708075201.7267008
86,9.92,3.89,12193.0,1708075201.8526678
87,10.12,3.94,12318.0,1708075201.9816647
88,10.22,4.01,12447.0,1708075202.108691
89,10.42,4.06,12574.0,1708075202.2360797
90,10.52,4.1,12702.0,1708075202.3671257
91,10.62,4.18,12833.0,1708075202.4951518
92,10.83,4.23,12961.0,1708075202.6232607
93,10.94,4.3,13089.0,1708075202.7496564
94,11.14,4.34,13215.0,1708075202.8754866
95,11.23,4.39,13341.0,1708075203.0023618
96,11.43,4.47,13468.0,1708075203.1282835
97,11.52,4.52,13594.0,1708075203.2563643
98,11.62,4.6,13722.0,1708075203.3835301
99,11.84,4.65,13849.0,1708075203.5123985
100,11.94,4.69,13978.0,1708075203.6383955
101,12.13,4.75,14104.0,1708075203.7653952
102,12.23,4.78,14231.0,1708075203.891399
103,12.33,4.83,14357.0,1708075204.0253866
104,12.53,4.92,14491.0,1708075204.153515
105,12.62,4.95,14619.0,1708075204.2833903
106,12.82,5.03,14748.0,1708075204.4110026
107,12.92,5.06,14876.0,1708075204.5379221
108,13.12,5.13,15003.0,1708075204.6643486
109,13.22,5.17,15130.0,1708075204.7924056
110,13.41,5.22,15258.0,1708075204.9185572
111,13.51,5.3,15384.0,1708075205.046378
112,13.62,5.35,15512.0,1708075205.1740105
113,13.82,5.41,15640.0,1708075205.3012686
114,13.91,5.45,15766.0,1708075205.4261224
115,14.09,5.49,15891.0,1708075205.5532465
116,14.2,5.57,16019.0,1708075205.6800542
117,14.3,5.61,16145.0,1708075205.8080235
118,14.5,5.64,16274.0,1708075205.9351227
119,14.61,5.7,16401.0,1708075206.0651178
120,14.8,5.76,16530.0,1708075206.1951132
121,14.9,5.85,16660.0,1708075206.3191185
122,15.09,5.89,16785.0,1708075206.4461105
123,15.19,5.93,16912.0,1708075206.5731266
124,15.29,6.0,17038.0,1708075206.7059822
125,15.48,6.04,17172.0,1708075206.834986
126,15.58,6.12,17300.0,1708075206.9620643
127,15.78,6.16,17427.0,1708075207.091104
128,15.87,6.25,17556.0,1708075207.2170403
129,16.06,6.29,17682.0,1708075207.3430996
130,16.17,6.32,17808.0,1708075207.4710028
131,16.27,6.42,17936.0,1708075207.5979793
132,16.47,6.45,18063.0,1708075207.724972
133,16.58,6.49,18191.0,1708075207.8540277
134,16.75,6.56,18319.0,1708075207.9788446
135,16.86,6.61,18444.0,1708075208.1063948
136,17.05,6.7,18571.0,1708075208.2328484
137,17.16,6.74,18698.0,1708075208.3598158
138,17.25,6.77,18825.0,1708075208.4861345
139,17.44,6.86,18951.0,1708075208.6125202
140,17.55,6.89,19078.0,1708075208.748356
141,17.74,6.97,19214.0,1708075208.8828316
142,17.83,7.0,19348.0,1708075209.0093217
143,18.03,7.09,19474.0,1708075209.1379077
144,18.12,7.13,19603.0,1708075209.2652042
145,18.23,7.16,19730.0,1708075209.395531
146,18.43,7.25,19860.0,1708075209.5219777
147,18.53,7.28,19987.0,1708075209.6499486
148,18.72,7.37,20114.0,1708075209.7765968
149,18.81,7.41,20241.0,1708075209.905813
150,19.01,7.44,20371.0,1708075210.0297728
151,19.1,7.53,20494.0,1708075210.1578224
152,19.21,7.57,20622.0,1708075210.2848148
153,19.4,7.61,20750.0,1708075210.4109943
154,19.5,7.68,20875.0,1708075210.5377095
155,19.7,7.73,21002.0,1708075210.664666
156,19.79,7.81,21129.0,1708075210.792687
157,19.97,7.85,21257.0,1708075210.9292917
158,20.07,7.92,21394.0,1708075211.054808
159,20.16,7.96,21519.0,1708075211.1818087
160,20.35,8.0,21646.0,1708075211.3106785
161,20.44,8.08,21775.0,1708075211.4352515
162,20.61,8.13,21899.0,1708075211.563679
163,20.72,8.16,22028.0,1708075211.6886754
164,20.9,8.23,22154.0,1708075211.8165495
165,20.99,8.27,22282.0,1708075211.942535
166,21.08,8.36,22407.0,1708075212.0725405
167,21.27,8.39,22537.0,1708075212.1995497
168,21.36,8.43,22665.0,1708075212.328254
169,21.54,8.51,22793.0,1708075212.4556153
170,21.63,8.55,22921.0,1708075212.5815241
171,21.71,8.62,23046.0,1708075212.7109828
172,21.9,8.67,23176.0,1708075212.83624
173,22.0,8.71,23301.0,1708075212.9641485
174,22.18,8.78,23429.0,1708075213.0932305
175,22.28,8.82,23558.0,1708075213.2207184
176,22.46,8.89,23685.0,1708075213.348405
177,22.55,8.92,23813.0,1708075213.4785693
178,22.72,8.98,23943.0,1708075213.6067824
179,22.8,9.06,24071.0,1708075213.7333522
180,22.91,9.11,24198.0,1708075213.862798
181,23.09,9.19,24328.0,1708075213.9904027
182,23.18,9.23,24455.0,1708075214.119385
183,23.37,9.27,24583.0,1708075214.247396
184,23.47,9.35,24712.0,1708075214.3743896
185,23.65,9.38,24839.0,1708075214.4992628
186,23.73,9.46,24964.0,1708075214.6282573
187,23.82,9.5,25092.0,1708075214.7552552
188,24.02,9.52,25220.0,1708075214.8802474
189,24.09,9.61,25345.0,1708075215.0062597
190,24.29,9.65,25470.0,1708075215.1361399
191,24.37,9.74,25601.0,1708075215.2621133
192,24.47,9.77,25725.0,1708075215.3876526
193,24.66,9.81,25851.0,1708075215.5156422
194,24.75,9.89,25979.0,1708075215.6415045
195,24.92,9.93,26105.0,1708075215.771987
196,25.01,10.0,26235.0,1708075215.8990006
197,25.2,10.04,26363.0,1708075216.0259638
198,25.3,10.08,26490.0,1708075216.1549933
199,25.39,10.15,26618.0,1708075216.2809944
200,25.57,10.19,26745.0,1708075216.4070876
201,25.66,10.28,26871.0,1708075216.5347862
202,25.84,10.31,26998.0,1708075216.661519
203,25.92,10.36,27125.0,1708075216.7878487
204,26.03,10.44,27251.0,1708075216.914655
205,26.2,10.47,27378.0,1708075217.0427587
206,26.28,10.51,27506.0,1708075217.1711812
207,26.49,10.6,27635.0,1708075217.2993186
208,26.57,10.65,27763.0,1708075217.426715
209,26.75,10.72,27890.0,1708075217.5567265
210,26.85,10.75,28021.0,1708075217.6857228
211,26.93,10.84,28149.0,1708075217.8147037
212,27.13,10.88,28278.0,1708075217.942879
213,27.22,10.91,28406.0,1708075218.0706744
214,27.39,10.99,28534.0,1708075218.199091
215,27.48,11.02,28662.0,1708075218.3263626
216,27.66,11.1,28790.0,1708075218.4547389
217,27.76,11.13,28918.0,1708075218.5817351
218,27.85,11.18,29045.0,1708075218.7117124
219,28.0,11.26,29175.0,1708075218.8417065
220,28.09,11.3,29305.0,1708075218.9687364
221,28.25,11.37,29432.0,1708075219.0998278
222,28.32,11.4,29562.0,1708075219.2251406
223,28.49,11.45,29688.0,1708075219.3537865
224,28.57,11.54,29816.0,1708075219.4830074
225,28.72,11.58,29946.0,1708075219.6137784
226,28.8,11.66,30076.0,1708075219.7408242
227,28.88,11.7,30204.0,1708075219.8688233
228,29.05,11.73,30332.0,1708075219.9968517
229,29.13,11.82,30460.0,1708075220.1247191
230,29.29,11.84,30588.0,1708075220.2567666
231,29.38,11.91,30721.0,1708075220.3848495
232,29.54,11.96,30848.0,1708075220.5109887
233,29.62,12.01,30973.0,1708075220.64181
234,29.7,12.09,31105.0,1708075220.7688165
235,29.85,12.13,31232.0,1708075220.8978171
236,29.94,12.22,31361.0,1708075221.0238411
237,30.1,12.25,31486.0,1708075221.1513097
238,30.18,12.29,31614.0,1708075221.2796814
239,30.33,12.36,31742.0,1708075221.4197965
240,30.41,12.39,31883.0,1708075221.5480545
241,30.58,12.47,32012.0,1708075221.676068
242,30.67,12.51,32139.0,1708075221.802047
243,30.74,12.6,32266.0,1708075221.932237
244,30.91,12.63,32395.0,1708075222.0592334
245,30.98,12.67,32522.0,1708075222.188915
246,31.14,12.75,32652.0,1708075222.3198707
247,31.21,12.79,32783.0,1708075222.4491658
248,31.39,12.87,32912.0,1708075222.5761387
249,31.47,12.91,33039.0,1708075222.7080345
250,31.63,12.97,33171.0,1708075222.8346303
251,31.72,13.02,33297.0,1708075222.9621475
252,31.79,13.06,33425.0,1708075223.090032
253,31.93,13.15,33553.0,1708075223.2193964
254,32.02,13.19,33682.0,1708075223.3462265
255,32.18,13.22,33809.0,1708075223.473514
256,32.26,13.29,33936.0,1708075223.5989795
257,32.34,13.33,34062.0,1708075223.7271645
258,32.51,13.42,34190.0,1708075223.8539207
259,32.59,13.46,34316.0,1708075223.9829
260,32.74,13.48,34446.0,1708075224.1110206
261,32.84,13.57,34574.0,1708075224.2399242
262,32.98,13.61,34702.0,1708075224.3648949
263,33.07,13.69,34828.0,1708075224.4908423
264,33.15,13.74,34954.0,1708075224.6188874
265,33.3,13.77,35081.0,1708075224.7457843
266,33.38,13.84,35208.0,1708075224.874108
267,33.55,13.88,35336.0,1708075225.0026248
268,33.63,13.96,35466.0,1708075225.1317577
269,33.78,14.0,35594.0,1708075225.2576134
270,33.87,14.04,35721.0,1708075225.3857539
271,33.95,14.12,35848.0,1708075225.5117536
272,34.11,14.16,35975.0,1708075225.6406252
273,34.18,14.23,36104.0,1708075225.766652
274,34.34,14.27,36229.0,1708075225.8936265
275,34.42,14.31,36357.0,1708075226.0196245
276,34.5,14.39,36482.0,1708075226.1465533
277,34.67,14.42,36609.0,1708075226.273493
278,34.74,14.5,36736.0,1708075226.4034953
279,34.9,14.54,36866.0,1708075226.5335085
280,34.98,14.57,36997.0,1708075226.6586409
281,35.13,14.66,37122.0,1708075226.7854657
282,35.23,14.69,37248.0,1708075226.9124846
283,35.31,14.77,37374.0,1708075227.0403688
284,35.44,14.81,37502.0,1708075227.167362
285,35.5,14.84,37629.0,1708075227.2943552
286,35.62,14.91,37756.0,1708075227.422286
287,35.68,14.95,37884.0,1708075227.547355
288,35.79,14.99,38009.0,1708075227.6742527
289,35.85,15.07,38136.0,1708075227.803231
290,35.91,15.11,38265.0,1708075227.9290183
291,36.03,15.18,38390.0,1708075228.056061
292,36.09,15.21,38518.0,1708075228.183097
293,36.21,15.26,38644.0,1708075228.3151002
294,36.28,15.35,38777.0,1708075228.4432235
295,36.38,15.39,38904.0,1708075228.575195
296,36.45,15.45,39036.0,1708075228.7033427
297,36.5,15.5,39165.0,1708075228.8302157
298,36.63,15.56,39292.0,1708075228.9572136
299,36.69,15.59,39419.0,1708075229.0840948
300,36.8,15.64,39545.0,1708075229.2102108
301,36.86,15.72,39672.0,1708075229.3376377
302,36.97,15.75,39799.0,1708075229.4670165
303,37.03,15.78,39928.0,1708075229.5960648
304,37.09,15.85,40057.0,1708075229.721605
305,37.2,15.89,40183.0,1708075229.8500795
306,37.25,15.98,40312.0,1708075229.9770792
307,37.39,16.01,40439.0,1708075230.1031077
308,37.45,16.04,40565.0,1708075230.2330668
309,37.56,16.11,40694.0,1708075230.3610568
310,37.61,16.15,40822.0,1708075230.4880695
311,37.68,16.24,40949.0,1708075230.6171193
312,37.8,16.27,41078.0,1708075230.7430642
313,37.86,16.32,41204.0,1708075230.8699415
314,37.98,16.41,41332.0,1708075230.9986796
315,38.03,16.44,41460.0,1708075231.1270862
316,38.16,16.5,41588.0,1708075231.2538712
317,38.21,16.54,41715.0,1708075231.3819306
318,38.26,16.59,41843.0,1708075231.5098288
319,38.38,16.65,41971.0,1708075231.6367404
320,38.45,16.7,42098.0,1708075231.7638066
321,38.56,16.76,42225.0,1708075231.888805
322,38.62,16.8,42350.0,1708075232.017673
323,38.68,16.84,42479.0,1708075232.1436982
324,38.8,16.92,42605.0,1708075232.2746649
325,38.85,16.96,42735.0,1708075232.4002917
326,38.98,17.03,42862.0,1708075232.5334613
327,39.03,17.08,42994.0,1708075232.6587942
328,39.14,17.11,43120.0,1708075232.7876763
329,39.2,17.17,43248.0,1708075232.913677
330,39.27,17.21,43374.0,1708075233.0406618
331,39.38,17.3,43501.0,1708075233.1666856
332,39.44,17.33,43628.0,1708075233.2946465
333,39.56,17.36,43756.0,1708075233.4225693
334,39.61,17.45,43884.0,1708075233.5477211
335,39.74,17.49,44009.0,1708075233.6765306
336,39.79,17.54,44138.0,1708075233.8025265
337,39.85,17.58,44264.0,1708075233.928406
338,39.96,17.63,44390.0,1708075234.0553992
339,40.02,17.71,44516.0,1708075234.1847913
340,40.13,17.75,44646.0,1708075234.3120735
341,40.19,17.83,44773.0,1708075234.440394
342,40.26,17.87,44901.0,1708075234.5673928
343,40.38,17.9,45028.0,1708075234.6942647
344,40.44,17.97,45155.0,1708075234.821265
345,40.55,18.01,45282.0,1708075234.949265
346,40.6,18.08,45410.0,1708075235.077267
347,40.73,18.11,45538.0,1708075235.20326
348,40.79,18.15,45665.0,1708075235.3291311
349,40.83,18.25,45791.0,1708075235.456954
350,40.95,18.29,45918.0,1708075235.583157
351,41.01,18.32,46045.0,1708075235.7111368
352,41.13,18.39,46172.0,1708075235.8450263
353,41.19,18.43,46306.0,1708075235.9752676
354,41.3,18.5,46437.0,1708075236.1031928
355,41.36,18.53,46564.0,1708075236.2302463
356,41.42,18.63,46691.0,1708075236.3581352
357,41.53,18.66,46819.0,1708075236.4840868
358,41.59,18.7,46945.0,1708075236.6131222
359,41.71,18.77,47074.0,1708075236.739115
360,41.81,18.81,47200.0,1708075236.8671136
361,41.77,18.88,47328.0,1708075236.994901
362,41.55,18.9,47455.0,1708075237.122841
363,41.34,18.95,47584.0,1708075237.251981
364,41.25,19.03,47713.0,1708075237.3781085
365,41.15,19.03,47839.0,1708075237.506979
366,40.93,19.13,47968.0,1708075237.6361065
367,40.96,19.14,48097.0,1708075237.7620757
368,40.83,19.2,48223.0,1708075237.888956
369,40.65,19.27,48349.0,1708075238.0170064
370,40.54,19.29,48478.0,1708075238.1440072
371,40.36,19.31,48605.0,1708075238.2709744
372,40.3,19.4,48732.0,1708075238.399968
373,40.08,19.43,48861.0,1708075238.5287192
374,39.97,19.5,48990.0,1708075238.656738
375,39.8,19.54,49117.0,1708075238.7818756
376,39.71,19.57,49242.0,1708075238.9088411
377,39.62,19.63,49369.0,1708075239.0368462
378,39.43,19.67,49498.0,1708075239.1638365
379,39.34,19.73,49625.0,1708075239.2897089
380,39.14,19.77,49751.0,1708075239.4187062
381,39.06,19.81,49879.0,1708075239.5447118
382,38.97,19.87,50004.0,1708075239.6727598
383,38.78,19.9,50132.0,1708075239.7986062
384,38.7,19.98,50258.0,1708075239.924578
385,38.49,20.01,50385.0,1708075240.0520594
386,38.4,20.06,50512.0,1708075240.1796067
387,38.22,20.11,50640.0,1708075240.3107557
388,38.13,20.15,50770.0,1708075240.436571
389,38.03,20.23,50897.0,1708075240.5645666
390,37.84,20.27,51024.0,1708075240.6914237
391,37.76,20.31,51151.0,1708075240.8184402
392,37.56,20.36,51278.0,1708075240.9454389
393,37.48,20.4,51405.0,1708075241.0734437
394,37.29,20.46,51533.0,1708075241.199436
395,37.2,20.5,51659.0,1708075241.3262239
396,37.11,20.52,51786.0,1708075241.4533062
397,36.92,20.61,51913.0,1708075241.5793054
398,36.83,20.64,52039.0,1708075241.7081983
399,36.65,20.7,52168.0,1708075241.8342013
400,36.55,20.74,52294.0,1708075241.9640908
401,36.45,20.76,52424.0,1708075242.0927222
402,36.27,20.85,52553.0,1708075242.2190228
403,36.17,20.88,52679.0,1708075242.3475418
404,36.0,20.96,52807.0,1708075242.4731693
405,35.91,20.99,52932.0,1708075242.601183
406,35.71,21.02,53061.0,1708075242.7270398
407,35.62,21.08,53186.0,1708075242.8540442
408,35.54,21.11,53314.0,1708075242.9810512
409,35.35,21.15,53441.0,1708075243.1079159
410,35.28,21.22,53567.0,1708075243.2379177
411,35.13,21.24,53697.0,1708075243.3669267
412,35.04,21.33,53826.0,1708075243.492877
413,34.88,21.37,53953.0,1708075243.6258934
414,34.77,21.43,54086.0,1708075243.7560472
415,34.67,21.48,54215.0,1708075243.8830729
416,34.49,21.49,54342.0,1708075244.009032
417,34.39,21.56,54468.0,1708075244.137024
418,34.22,21.59,54596.0,1708075244.2629123
419,34.13,21.64,54722.0,1708075244.3908753
420,33.93,21.71,54850.0,1708075244.5158966
421,33.83,21.74,54976.0,1708075244.6448932
422,33.78,21.81,55104.0,1708075244.769895
423,33.6,21.84,55230.0,1708075244.8998907
424,33.48,21.86,55360.0,1708075245.0278864
425,33.33,21.94,55487.0,1708075245.1571558
426,33.26,21.98,55616.0,1708075245.2818592
427,33.01,22.04,55741.0,1708075245.4088843
428,32.87,22.08,55868.0,1708075245.5366564
429,32.76,22.1,55996.0,1708075245.6642811
430,32.66,22.17,56124.0,1708075245.7902012
431,32.55,22.2,56249.0,1708075245.9171255
432,32.46,22.27,56376.0,1708075246.0440438
433,32.51,22.3,56503.0,1708075246.1719635
434,32.62,22.36,56631.0,1708075246.297888
435,32.71,22.42,56757.0,1708075246.4244428
436,32.79,22.45,56883.0,1708075246.5514293
437,32.8,22.52,57011.0,1708075246.680621
438,32.59,22.54,57140.0,1708075246.805535
439,32.26,22.58,57265.0,1708075246.9339979
440,32.24,22.67,57393.0,1708075247.0587058
441,32.16,22.68,57519.0,1708075247.186859
442,31.93,22.77,57646.0,1708075247.3151488
443,31.96,22.77,57775.0,1708075247.4431615
444,31.84,22.82,57903.0,1708075247.5733624
445,31.65,22.87,58032.0,1708075247.6983593
446,31.55,22.91,58158.0,1708075247.82823
447,31.35,23.0,58287.0,1708075247.956306
448,31.29,23.02,58415.0,1708075248.0832255
449,31.09,23.04,58542.0,1708075248.2126584
450,30.99,23.1,58672.0,1708075248.3448706
451,30.8,23.15,58804.0,1708075248.474348
452,30.72,23.2,58933.0,1708075248.5993493
453,30.53,23.24,59059.0,1708075248.7263472
454,30.43,23.27,59186.0,1708075248.8533492
455,30.33,23.33,59313.0,1708075248.9802153
456,30.16,23.37,59440.0,1708075249.1092186
457,30.06,23.42,59569.0,1708075249.2362356
458,29.88,23.47,59695.0,1708075249.3632119
459,29.79,23.48,59823.0,1708075249.4911091
460,29.61,23.56,59951.0,1708075249.622061
461,29.51,23.6,60081.0,1708075249.750205
462,29.43,23.67,60209.0,1708075249.8792045
463,29.25,23.71,60338.0,1708075250.0061924
464,29.14,23.73,60465.0,1708075250.1312053
465,28.97,23.8,60591.0,1708075250.2600951
466,28.87,23.81,60719.0,1708075250.386075
467,28.78,23.89,60845.0,1708075250.5130816
468,28.6,23.94,60972.0,1708075250.6400702
469,28.51,23.96,61099.0,1708075250.7669187
470,28.34,24.03,61225.0,1708075250.8969145
471,28.24,24.05,61356.0,1708075251.0269582
472,28.06,24.12,61486.0,1708075251.155566
473,27.96,24.15,61614.0,1708075251.2830675
474,27.78,24.18,61742.0,1708075251.4100654
475,27.69,24.25,61869.0,1708075251.5370572
476,27.6,24.28,61995.0,1708075251.6639347
477,27.47,24.35,62123.0,1708075251.7899182
478,27.36,24.37,62248.0,1708075251.9169319
479,27.18,24.41,62375.0,1708075252.0458035
480,27.11,24.47,62504.0,1708075252.1708062
481,27.03,24.5,62629.0,1708075252.2978044
482,26.85,24.53,62756.0,1708075252.4267983
483,26.79,24.59,62884.0,1708075252.555265
484,26.56,24.61,63013.0,1708075252.6827915
485,26.42,24.68,63141.0,1708075252.809797
486,26.23,24.71,63268.0,1708075252.9367964
487,26.15,24.75,63395.0,1708075253.0637279
488,26.1,24.8,63522.0,1708075253.1906667
489,25.95,24.84,63649.0,1708075253.318678
490,25.95,24.91,63777.0,1708075253.445537
491,26.11,24.94,63904.0,1708075253.571538
492,26.15,25.0,64030.0,1708075253.7025316
493,26.3,25.06,64160.0,1708075253.833582
494,26.27,25.1,64292.0,1708075253.9605255
495,26.1,25.13,64419.0,1708075254.0920343
496,25.72,25.14,64550.0,1708075254.2197802
497,25.69,25.26,64677.0,1708075254.3477964
498,25.51,25.24,64805.0,1708075254.4746513
499,25.39,25.31,64933.0,1708075254.6046445
500,25.42,25.36,65062.0,1708075254.7317924
501,25.32,25.41,65189.0,1708075254.8576443
502,25.13,25.41,65315.0,1708075254.986641
503,24.92,25.47,65444.0,1708075255.1161728
504,24.83,25.52,65573.0,1708075255.2436335
505,24.68,25.56,65701.0,1708075255.3721395
506,24.59,25.62,65829.0,1708075255.4975069
507,24.39,25.63,65955.0,1708075255.6235511
508,24.29,25.7,66081.0,1708075255.7502923
509,24.2,25.71,66207.0,1708075255.8775077
510,24.03,25.77,66335.0,1708075256.0043797
511,23.94,25.8,66462.0,1708075256.1333792
512,23.74,25.85,66591.0,1708075256.2584133
513,23.67,25.91,66716.0,1708075256.3853776
514,23.57,25.92,66843.0,1708075256.5122893
515,23.4,26.01,66970.0,1708075256.6402504
516,23.29,26.02,67098.0,1708075256.7662485
517,23.11,26.07,67224.0,1708075256.897298
518,23.02,26.15,67354.0,1708075257.024243
519,22.83,26.17,67482.0,1708075257.1512501
520,22.74,26.23,67609.0,1708075257.280188
521,22.67,26.24,67737.0,1708075257.4072578
522,22.48,26.27,67865.0,1708075257.5331078
523,22.41,26.32,67990.0,1708075257.6601174
524,22.25,26.38,68118.0,1708075257.7901344
525,22.17,26.43,68247.0,1708075257.9252644
526,22.0,26.47,68382.0,1708075258.0522833
527,21.91,26.5,68509.0,1708075258.1802058
528,21.76,26.55,68638.0,1708075258.3080037
529,21.68,26.6,68765.0,1708075258.4342241
530,21.55,26.65,68891.0,1708075258.562238
531,21.3,26.68,69019.0,1708075258.6870995
532,21.21,26.7,69145.0,1708075258.8160384
533,21.1,26.77,69273.0,1708075258.943111
534,21.0,26.78,69400.0,1708075259.0701036
535,20.93,26.86,69527.0,1708075259.1970084
536,20.98,26.88,69654.0,1708075259.321968
537,21.08,26.95,69779.0,1708075259.4489615
538,21.19,26.99,69906.0,1708075259.5759642
539,21.26,27.02,70033.0,1708075259.702837
540,21.27,27.09,70160.0,1708075259.8309584
541,21.03,27.1,70288.0,1708075259.957612
542,20.81,27.13,70415.0,1708075260.0838013
543,20.69,27.21,70541.0,1708075260.2107034
544,20.6,27.22,70668.0,1708075260.3377006
545,20.4,27.25,70795.0,1708075260.4656804
546,20.43,27.31,70923.0,1708075260.5937195
547,20.42,27.36,71051.0,1708075260.7196963
548,20.13,27.39,71177.0,1708075260.846701
549,20.03,27.44,71304.0,1708075260.9735663
550,19.86,27.45,71431.0,1708075261.101485
551,19.77,27.52,71559.0,1708075261.2325783
552,19.57,27.56,71690.0,1708075261.3585627
553,19.47,27.58,71815.0,1708075261.4865396
554,19.39,27.64,71943.0,1708075261.6165133
555,19.19,27.66,72073.0,1708075261.742562
556,19.11,27.73,72200.0,1708075261.8695576
557,18.93,27.75,72327.0,1708075261.9984112
558,18.85,27.82,72455.0,1708075262.12545
559,18.67,27.82,72583.0,1708075262.2524457
560,18.57,27.86,72710.0,1708075262.3774254
561,18.5,27.94,72835.0,1708075262.5053
562,18.29,27.95,72962.0,1708075262.6323028
563,18.24,28.02,73089.0,1708075262.7593303
564,18.08,28.04,73217.0,1708075262.8873198
565,17.97,28.08,73344.0,1708075263.0122962
566,17.88,28.13,73469.0,1708075263.1421466
567,17.72,28.17,73600.0,1708075263.2731671
568,17.65,28.22,73730.0,1708075263.4032621
569,17.48,28.25,73860.0,1708075263.528218
570,17.38,28.28,73985.0,1708075263.6573043
571,17.24,28.32,74114.0,1708075263.7823195
572,17.16,28.36,74240.0,1708075263.9097726
573,17.05,28.41,74366.0,1708075264.040157
574,16.79,28.44,74497.0,1708075264.169178
575,16.68,28.46,74626.0,1708075264.294157
576,16.56,28.52,74750.0,1708075264.4247847
577,16.48,28.56,74882.0,1708075264.5528924
578,16.39,28.62,75009.0,1708075264.6796353
579,16.43,28.64,75137.0,1708075264.8059402
580,16.53,28.69,75262.0,1708075264.9341526
581,16.64,28.74,75390.0,1708075265.0611506
582,16.68,28.77,75517.0,1708075265.1890604
583,16.86,28.84,75645.0,1708075265.3150153
584,16.91,28.87,75771.0,1708075265.443016
585,16.51,28.87,75899.0,1708075265.5690136
586,16.34,28.93,76025.0,1708075265.6969206
587,16.29,28.99,76152.0,1708075265.8238828
588,16.13,28.99,76280.0,1708075265.948886
589,16.01,29.08,76405.0,1708075266.0768805
590,15.98,29.09,76533.0,1708075266.2053013
591,15.95,29.16,76661.0,1708075266.3327045
592,15.67,29.15,76789.0,1708075266.4608762
593,15.56,29.22,76917.0,1708075266.587962
594,15.46,29.25,77043.0,1708075266.7167478
595,15.31,29.31,77173.0,1708075266.8427505
596,15.22,29.37,77298.0,1708075266.9705796
597,15.03,29.37,77426.0,1708075267.0956392
598,14.94,29.39,77552.0,1708075267.2226188
599,14.86,29.42,77679.0,1708075267.3516152
600,14.68,29.49,77807.0,1708075267.4766164
601,14.58,29.53,77933.0,1708075267.6035967
602,14.4,29.58,78060.0,1708075267.7316093
603,14.3,29.59,78187.0,1708075267.8594837
604,14.13,29.65,78316.0,1708075267.990494
605,14.05,29.67,78446.0,1708075268.115606
606,13.95,29.71,78572.0,1708075268.242471
607,13.79,29.76,78698.0,1708075268.3714566
608,13.7,29.78,78827.0,1708075268.4964767
609,13.57,29.87,78953.0,1708075268.624351
610,13.48,29.87,79080.0,1708075268.752373
611,13.29,29.94,79208.0,1708075268.8793256
612,13.22,29.95,79335.0,1708075269.004347
613,13.15,29.98,79460.0,1708075269.1332686
614,12.92,30.05,79589.0,1708075269.2582526
615,12.79,30.06,79714.0,1708075269.3852198
616,12.63,30.13,79841.0,1708075269.5120935
617,12.56,30.15,79968.0,1708075269.640146
618,12.49,30.19,80096.0,1708075269.7681332
619,12.36,30.23,80224.0,1708075269.9001207
620,12.39,30.26,80356.0,1708075270.028208
621,12.56,30.34,80484.0,1708075270.155209
622,12.61,30.35,80611.0,1708075270.2832384
623,12.77,30.37,80739.0,1708075270.4100823
624,12.78,30.44,80865.0,1708075270.53808
625,12.64,30.46,80993.0,1708075270.667884
626,12.25,30.5,81123.0,1708075270.7940726
627,12.19,30.57,81250.0,1708075270.9230769
628,12.03,30.57,81379.0,1708075271.0532477
629,11.91,30.66,81509.0,1708075271.1800358
630,11.9,30.65,81635.0,1708075271.3070385
631,11.84,30.73,81763.0,1708075271.4330657
632,11.68,30.72,81889.0,1708075271.5599344
633,11.44,30.79,82015.0,1708075271.6878998
634,11.36,30.82,82144.0,1708075271.814934
635,11.23,30.86,82271.0,1708075271.9409337
636,11.12,30.91,82396.0,1708075272.0699337
637,10.93,30.9,82525.0,1708075272.1958144
638,10.84,30.95,82651.0,1708075272.3211262
639,10.75,30.99,82777.0,1708075272.4488058
640,10.58,31.06,82905.0,1708075272.5798075
641,10.5,31.09,83035.0,1708075272.7071567
642,10.33,31.12,83163.0,1708075272.8353605
643,10.25,31.13,83291.0,1708075272.9613097
644,10.09,31.19,83417.0,1708075273.0886493
645,10.01,31.21,83544.0,1708075273.2146568
646,9.93,31.24,83670.0,1708075273.3416681
647,9.76,31.31,83796.0,1708075273.469666
648,9.64,31.32,83924.0,1708075273.596547
649,9.41,31.38,84051.0,1708075273.7234058
650,9.32,31.38,84178.0,1708075273.8515096
651,9.27,31.43,84306.0,1708075273.9765337
652,9.11,31.47,84431.0,1708075274.103536
653,9.05,31.53,84558.0,1708075274.232558
654,9.12,31.58,84687.0,1708075274.3574295
655,9.22,31.63,84812.0,1708075274.4896274
656,9.33,31.63,84944.0,1708075274.6157167
657,9.37,31.68,85070.0,1708075274.7434344
658,9.46,31.7,85197.0,1708075274.870401
659,9.56,31.77,85324.0,1708075274.9992757
660,9.38,31.8,85454.0,1708075275.1252902
661,9.01,31.83,85580.0,1708075275.2522445
662,8.97,31.9,85707.0,1708075275.379287
663,8.77,31.88,85834.0,1708075275.50427
664,8.66,31.98,85959.0,1708075275.6311393
665,8.68,31.95,86086.0,1708075275.76017
666,8.6,32.04,86214.0,1708075275.8861356
667,8.44,32.03,86340.0,1708075276.0130248
668,8.22,32.1,86467.0,1708075276.139011
669,8.16,32.08,86594.0,1708075276.2660065
670,8.1,32.17,86721.0,1708075276.3924215
671,7.88,32.17,86847.0,1708075276.51949
672,7.79,32.22,86974.0,1708075276.647043
673,7.61,32.29,87101.0,1708075276.7748706
674,7.53,32.3,87229.0,1708075276.9018717
675,7.37,32.36,87356.0,1708075277.0288727
676,7.26,32.35,87483.0,1708075277.1557446
677,7.2,32.42,87610.0,1708075277.282743
678,7.04,32.43,87737.0,1708075277.4087417
679,6.97,32.48,87863.0,1708075277.5375109
680,6.83,32.53,87992.0,1708075277.663628
681,6.72,32.55,88118.0,1708075277.7906115
682,6.64,32.6,88245.0,1708075277.9196115
683,6.49,32.61,88374.0,1708075278.0446177
684,6.37,32.65,88499.0,1708075278.1704824
685,6.12,32.67,88625.0,1708075278.2994862
686,6.03,32.72,88754.0,1708075278.4292383
687,5.91,32.78,88883.0,1708075278.5554805
688,5.83,32.81,89010.0,1708075278.683475
689,5.77,32.82,89138.0,1708075278.8114748
690,5.84,32.87,89266.0,1708075278.9384341
691,5.93,32.91,89392.0,1708075279.0634139
692,6.04,32.95,89518.0,1708075279.19338
693,6.08,33.0,89648.0,1708075279.3172832
694,6.17,33.02,89772.0,1708075279.444347
695,6.3,33.09,89899.0,1708075279.5712416
696,6.12,33.08,90025.0,1708075279.6987464
697,5.75,33.13,90152.0,1708075279.8252137
698,5.69,33.17,90279.0,1708075279.9542112
699,5.5,33.19,90408.0,1708075280.0801105
700,5.39,33.27,90534.0,1708075280.207341
701,5.39,33.25,90661.0,1708075280.3344228
702,5.35,33.3,90788.0,1708075280.4639375
703,5.19,33.31,90917.0,1708075280.5931654
704,4.96,33.36,91047.0,1708075280.7200947
705,4.89,33.41,91174.0,1708075280.8470764
706,4.73,33.44,91301.0,1708075280.972458
707,4.63,33.44,91426.0,1708075281.0988736
708,4.53,33.5,91552.0,1708075281.2276607
709,4.35,33.51,91681.0,1708075281.354944
710,4.26,33.56,91808.0,1708075281.4798205
711,4.11,33.6,91934.0,1708075281.606821
712,4.05,33.6,92061.0,1708075281.733818
713,3.96,33.68,92188.0,1708075281.8608131
714,3.8,33.68,92315.0,1708075281.9926841
715,3.72,33.74,92446.0,1708075282.1194084
716,3.58,33.76,92573.0,1708075282.2476733
717,3.51,33.8,92701.0,1708075282.373354
718,3.28,33.81,92827.0,1708075282.5016768
719,3.16,33.85,92955.0,1708075282.6287005
720,3.06,33.87,93082.0,1708075282.7546763
721,2.94,33.93,93208.0,1708075282.8815472
722,2.88,33.95,93335.0,1708075283.0075517
723,2.79,33.98,93461.0,1708075283.1341875
724,2.81,34.0,93588.0,1708075283.2635522
725,3.01,34.04,93717.0,1708075283.3905482
726,3.06,34.08,93844.0,1708075283.517441
727,3.1,34.11,93971.0,1708075283.6464157
728,3.22,34.16,94100.0,1708075283.7735224
729,3.35,34.2,94227.0,1708075283.9004116
730,3.39,34.24,94354.0,1708075284.0322773
731,3.18,34.25,94485.0,1708075284.1593926
732,2.87,34.27,94613.0,1708075284.2864041
733,2.81,34.33,94740.0,1708075284.414427
734,2.74,34.33,94868.0,1708075284.5404055
735,2.52,34.34,94993.0,1708075284.667403
736,2.54,34.39,95120.0,1708075284.794403
737,2.48,34.44,95247.0,1708075284.9208245
738,2.33,34.45,95374.0,1708075285.048261
739,2.25,34.5,95501.0,1708075285.181313
740,2.1,34.47,95635.0,1708075285.3060367
741,2.06,34.49,95759.0,1708075285.433267
742,1.88,34.45,95886.0,1708075285.5602758
743,1.82,34.51,96014.0,1708075285.6870842
744,1.75,34.49,96140.0,1708075285.8141532
745,1.76,34.4,96268.0,1708075285.9401405
746,1.76,34.29,96394.0,1708075286.0681412
747,1.73,34.2,96521.0,1708075286.1950157
748,1.73,34.12,96648.0,1708075286.3270185
749,1.75,34.05,96780.0,1708075286.4531336
750,1.75,33.99,96906.0,1708075286.5850263
751,1.67,33.88,97038.0,1708075286.710231
752,1.65,33.8,97164.0,1708075286.8380437
753,1.64,33.69,97291.0,1708075286.9649706
754,1.67,33.61,97418.0,1708075287.0920064
755,1.65,33.56,97545.0,1708075287.2204497
756,1.75,33.44,97674.0,1708075287.3449965
757,1.88,33.38,97798.0,1708075287.4728773
758,2.21,33.27,97927.0,1708075287.5987637
759,2.34,33.2,98052.0,1708075287.7278867
760,2.46,33.16,98181.0,1708075287.8528638
761,2.74,33.04,98306.0,1708075287.979738
762,2.85,32.98,98433.0,1708075288.1067348
763,3.17,32.88,98560.0,1708075288.2337196
764,3.35,32.85,98686.0,1708075288.3607304
765,3.4,32.81,98813.0,1708075288.4903698
766,3.61,32.76,98944.0,1708075288.6185827
767,3.69,32.79,99072.0,1708075288.7475102
768,3.82,32.87,99201.0,1708075288.8737276
769,3.9,32.89,99326.0,1708075289.0006218
770,4.02,32.92,99453.0,1708075289.1275983
771,4.09,32.96,99579.0,1708075289.254597
772,4.14,32.99,99706.0,1708075289.382357
773,4.27,33.0,99834.0,1708075289.5074735
774,4.34,33.05,99960.0,1708075289.635471
775,4.48,33.09,100088.0,1708075289.7614655
776,4.55,33.13,100214.0,1708075289.8884645
777,4.6,33.17,100341.0,1708075290.0153413
778,4.73,33.19,100468.0,1708075290.150353
779,4.8,33.23,100603.0,1708075290.2794309
780,4.94,33.25,100731.0,1708075290.4044793
781,5.0,33.32,100856.0,1708075290.5313265
782,5.11,33.34,100984.0,1708075290.6584566
783,5.18,33.37,101111.0,1708075290.785355
784,5.38,33.42,101238.0,1708075290.9143279
785,5.38,33.47,101366.0,1708075291.0393267
786,5.21,33.48,101491.0,1708075291.166357
787,4.85,33.5,101618.0,1708075291.2960699
788,4.79,33.51,101749.0,1708075291.425198
789,4.6,33.54,101877.0,1708075291.554528
790,4.5,33.59,102007.0,1708075291.683962
791,4.53,33.62,102136.0,1708075291.810333
792,4.45,33.71,102262.0,1708075291.938335
793,4.28,33.7,102390.0,1708075292.0643125
794,4.06,33.76,102516.0,1708075292.1913464
795,3.98,33.73,102643.0,1708075292.3172085
796,3.85,33.8,102769.0,1708075292.4441793
797,3.75,33.81,102896.0,1708075292.5710514
798,3.65,33.87,103023.0,1708075292.6990597
799,3.5,33.91,103151.0,1708075292.827054
800,3.4,33.94,103279.0,1708075292.9532678
801,3.25,33.98,103405.0,1708075293.0809257
802,3.13,33.96,103532.0,1708075293.2099102
803,3.02,34.01,103662.0,1708075293.338816
804,2.94,34.05,103791.0,1708075293.4679663
805,2.88,34.09,103920.0,1708075293.5950427
806,2.73,34.11,104047.0,1708075293.7244892
807,2.64,34.15,104176.0,1708075293.8489957
808,2.48,34.13,104301.0,1708075293.976918
809,2.41,34.19,104429.0,1708075294.102916
810,2.2,34.22,104555.0,1708075294.2299182
811,2.12,34.24,104682.0,1708075294.3587854
812,2.04,34.28,104811.0,1708075294.4848046
813,1.93,34.28,104937.0,1708075294.6130528
814,1.86,34.25,105065.0,1708075294.742186
815,1.79,34.25,105194.0,1708075294.8687994
816,1.86,34.29,105320.0,1708075294.9967785
817,2.12,34.22,105448.0,1708075295.1237788
818,2.22,34.15,105575.0,1708075295.2507722
819,2.26,34.05,105702.0,1708075295.37667
820,2.67,33.97,105828.0,1708075295.5046313
821,2.74,33.9,105956.0,1708075295.6316483
822,2.94,33.85,106083.0,1708075295.7596517
823,3.0,33.89,106211.0,1708075295.8855152
824,3.06,33.96,106337.0,1708075296.011515
825,3.18,33.98,106463.0,1708075296.1383848
826,3.23,33.98,106590.0,1708075296.2655096
827,3.35,34.05,106717.0,1708075296.3928845
828,3.39,34.07,106845.0,1708075296.5193553
829,3.59,34.12,106972.0,1708075296.6482694
830,3.59,34.15,107100.0,1708075296.7760558
831,3.44,34.14,107228.0,1708075296.906379
832,3.08,34.18,107358.0,1708075297.0323763
833,3.02,34.21,107484.0,1708075297.159374
834,2.85,34.24,107611.0,1708075297.2862453
835,2.73,34.3,107738.0,1708075297.4129357
836,2.73,34.31,107865.0,1708075297.5392458
837,2.69,34.37,107991.0,1708075297.6672523
838,2.54,34.35,108119.0,1708075297.7952557
839,2.33,34.42,108246.0,1708075297.9212444
840,2.24,34.41,108372.0,1708075298.0511618
841,2.16,34.46,108503.0,1708075298.1787486
842,2.07,34.49,108630.0,1708075298.3080244
843,1.98,34.49,108760.0,1708075298.4382408
844,1.81,34.47,108890.0,1708075298.5642185
845,1.8,34.49,109015.0,1708075298.6902323
846,1.7,34.54,109142.0,1708075298.8171098
847,1.68,34.35,109268.0,1708075298.9471035
848,1.67,34.29,109398.0,1708075299.075229
849,1.68,34.18,109527.0,1708075299.2040966
850,1.72,34.12,109655.0,1708075299.3342388
851,1.64,34.06,109786.0,1708075299.461201
852,1.61,33.93,109913.0,1708075299.587099
853,1.6,33.88,110039.0,1708075299.720094
854,1.64,33.75,110172.0,1708075299.8462162
855,1.62,33.7,110297.0,1708075299.9757605
856,1.67,33.63,110427.0,1708075300.1041112
857,1.91,33.52,110555.0,1708075300.2311997
858,2.09,33.46,110682.0,1708075300.3589957
859,2.22,33.34,110810.0,1708075300.4885492
860,2.33,33.31,110940.0,1708075300.6152105
861,2.61,33.25,111066.0,1708075300.7444446
862,2.83,33.16,111195.0,1708075300.870079
863,2.94,33.11,111321.0,1708075300.997081
864,3.03,33.11,111448.0,1708075301.1239743
865,3.19,33.17,111575.0,1708075301.2499516
866,3.25,33.21,111700.0,1708075301.37897
867,3.37,33.25,111830.0,1708075301.5046797
868,3.41,33.27,111955.0,1708075301.631819
869,3.53,33.31,112082.0,1708075301.7598417
870,3.6,33.33,112210.0,1708075301.8858194
871,3.66,33.37,112336.0,1708075302.0128167
872,3.79,33.39,112463.0,1708075302.1396892
873,3.84,33.44,112590.0,1708075302.2697198
874,3.97,33.48,112720.0,1708075302.396772
875,4.03,33.52,112847.0,1708075302.5236871
876,4.15,33.53,112974.0,1708075302.6516848
877,4.21,33.59,113102.0,1708075302.7794745
878,4.26,33.61,113230.0,1708075302.9066803
879,4.38,33.65,113357.0,1708075303.0325544
880,4.44,33.68,113483.0,1708075303.1605706
881,4.63,33.7,113611.0,1708075303.2865722
882,4.65,33.76,113736.0,1708075303.4135482
883,4.52,33.76,113863.0,1708075303.541325
884,4.13,33.81,113991.0,1708075303.6683915
885,4.06,33.84,114118.0,1708075303.7974436
886,3.9,33.87,114248.0,1708075303.927834
887,3.78,33.96,114378.0,1708075304.055663
888,3.79,33.92,114505.0,1708075304.1824553
889,3.74,34.01,114632.0,1708075304.3104162
890,3.6,33.98,114761.0,1708075304.4364362
891,3.37,34.04,114887.0,1708075304.5654137
892,3.27,34.04,115015.0,1708075304.6914082
893,3.15,34.11,115141.0,1708075304.8173947
894,3.06,34.09,115267.0,1708075304.9442804
895,2.88,34.15,115394.0,1708075305.0722923
896,2.78,34.17,115523.0,1708075305.198276
897,2.69,34.2,115648.0,1708075305.3255012
898,2.55,34.23,115775.0,1708075305.4561536
899,2.47,34.26,115906.0,1708075305.5832717
900,2.34,34.3,116033.0,1708075305.7100914
901,2.27,34.3,116160.0,1708075305.83717
902,2.14,34.37,116287.0,1708075305.9641423
903,2.09,34.37,116414.0,1708075306.0921404
904,2.03,34.41,116542.0,1708075306.2191405
905,1.8,34.35,116670.0,1708075306.3451374
906,1.72,34.4,116795.0,1708075306.4721377
907,1.64,34.36,116922.0,1708075306.5988786
908,1.67,34.27,117049.0,1708075306.7270057
909,1.67,34.19,117177.0,1708075306.852881
910,1.71,34.09,117303.0,1708075306.9868772
911,1.84,34.02,117437.0,1708075307.1161277
912,2.12,33.93,117566.0,1708075307.2431276
913,2.22,33.86,117693.0,1708075307.3699994
914,2.56,33.81,117820.0,1708075307.4969995
915,2.73,33.72,117947.0,1708075307.624774
916,2.79,33.65,118075.0,1708075307.750869
917,3.01,33.62,118200.0,1708075307.8768694
918,3.1,33.68,118327.0,1708075308.0030942
919,3.24,33.74,118453.0,1708075308.1317708
920,3.33,33.71,118582.0,1708075308.2577407
921,3.44,33.77,118708.0,1708075308.3866875
922,3.52,33.8,118837.0,1708075308.5147357
923,3.58,33.85,118965.0,1708075308.6431262
924,3.72,33.87,119093.0,1708075308.7698867
925,3.78,33.91,119220.0,1708075308.896512
926,3.99,33.93,119346.0,1708075309.0236063
927,4.01,33.97,119473.0,1708075309.1526172
928,3.63,34.01,119602.0,1708075309.279622
929,3.49,34.02,119730.0,1708075309.4046018
930,3.41,34.1,119855.0,1708075309.532012
931,3.25,34.07,119982.0,1708075309.6594715
932,3.12,34.09,120109.0,1708075309.7864697
933,3.15,34.12,120236.0,1708075309.913468
934,3.1,34.2,120363.0,1708075310.039342
935,2.95,34.19,120488.0,1708075310.1663413
936,2.74,34.24,120615.0,1708075310.2937775
937,2.63,34.24,120742.0,1708075310.4252183
938,2.53,34.29,120875.0,1708075310.5549183
939,2.43,34.3,121005.0,1708075310.6824603
940,2.25,34.33,121132.0,1708075310.8094656
941,2.17,34.37,121260.0,1708075310.936359
942,2.13,34.38,121385.0,1708075311.0643492
943,2.05,34.41,121513.0,1708075311.1922612
944,1.95,34.38,121641.0,1708075311.3173292
945,1.82,34.39,121766.0,1708075311.4442284
946,1.78,34.41,121893.0,1708075311.5722032
947,1.7,34.43,122021.0,1708075311.6991956
948,1.67,34.25,122148.0,1708075311.8271925
949,1.64,34.18,122276.0,1708075311.955263
950,1.61,34.07,122403.0,1708075312.083919
951,1.62,34.01,122533.0,1708075312.2101917
952,1.63,33.96,122659.0,1708075312.337061
953,1.7,33.82,122785.0,1708075312.4660668
954,1.96,33.78,122914.0,1708075312.5920517
955,2.12,33.66,123040.0,1708075312.7190616
956,2.19,33.6,123168.0,1708075312.84807
957,2.53,33.55,123297.0,1708075312.978115
958,2.69,33.47,123427.0,1708075313.104043
959,2.86,33.43,123553.0,1708075313.230052
960,2.95,33.4,123679.0,1708075313.3573556
961,3.03,33.45,123806.0,1708075313.4862487
962,3.17,33.49,123935.0,1708075313.614821
963,3.24,33.53,124063.0,1708075313.7440424
964,3.35,33.55,124193.0,1708075313.8699193
965,3.41,33.6,124318.0,1708075313.9969203
966,3.56,33.62,124445.0,1708075314.1228213
967,3.63,33.66,124572.0,1708075314.2497957
968,3.69,33.71,124699.0,1708075314.3774629
969,3.82,33.74,124826.0,1708075314.5058057
970,3.89,33.78,124955.0,1708075314.6312203
971,4.02,33.8,125080.0,1708075314.7586591
972,4.14,33.8,125207.0,1708075314.8856566
973,4.16,33.88,125334.0,1708075315.011528
974,3.94,33.88,125460.0,1708075315.1396346
975,3.73,33.93,125588.0,1708075315.2673104
976,3.59,33.97,125716.0,1708075315.392316
977,3.51,33.98,125841.0,1708075315.5190217
978,3.31,34.07,125968.0,1708075315.6463985
979,3.35,34.02,126095.0,1708075315.7752156
980,3.34,34.07,126224.0,1708075315.9003997
981,3.09,34.09,126349.0,1708075316.0283968
982,2.96,34.18,126477.0,1708075316.155275
983,2.82,34.17,126604.0,1708075316.2812884
984,2.74,34.22,126730.0,1708075316.4102342
985,2.57,34.18,126859.0,1708075316.5372696
986,2.47,34.24,126986.0,1708075316.6632648
987,2.38,34.25,127112.0,1708075316.7901628
988,2.28,34.27,127239.0,1708075316.918154
989,2.22,34.32,127367.0,1708075317.0431345
990,2.08,34.3,127492.0,1708075317.1700065
991,2.05,34.38,127619.0,1708075317.3030198
992,1.96,34.34,127751.0,1708075317.4299495
993,1.89,34.28,127878.0,1708075317.5551274
994,1.82,34.23,128004.0,1708075317.683978
995,1.68,34.28,128132.0,1708075317.8090246
996,1.67,34.2,128258.0,1708075317.938858
997,1.69,34.1,128387.0,1708075318.0680094
998,1.66,34.01,128517.0,1708075318.1960154
999,1.68,33.95,128644.0,1708075318.3210344
1000,1.88,33.89,128770.0,1708075318.4479136
1001,2.06,33.75,128896.0,1708075318.574407
1002,2.23,33.72,129022.0,1708075318.7038898
1003,2.42,33.62,129153.0,1708075318.829693
1004,2.74,33.58,129277.0,1708075318.9597256
1005,2.84,33.52,129408.0,1708075319.0879836
1006,2.95,33.49,129537.0,1708075319.2138572
1007,3.07,33.55,129661.0,1708075319.3408573
1008,3.15,33.62,129789.0,1708075319.4687536
1009,3.29,33.64,129916.0,1708075319.5978625
1010,3.35,33.66,130045.0,1708075319.7268486
1011,3.48,33.7,130174.0,1708075319.8547657
1012,3.55,33.7,130302.0,1708075319.9797225
1013,3.63,33.75,130427.0,1708075320.1067157
1014,3.76,33.8,130554.0,1708075320.2373643
1015,3.82,33.84,130684.0,1708075320.364717
1016,3.94,33.87,130812.0,1708075320.4927242
1017,4.06,33.9,130940.0,1708075320.6197202
1018,4.07,33.94,131067.0,1708075320.7455885
1019,3.86,33.95,131193.0,1708075320.8726108
1020,3.66,33.97,131320.0,1708075321.0005906
1021,3.52,34.03,131448.0,1708075321.1275885
1022,3.44,34.03,131575.0,1708075321.2544377
1023,3.23,34.05,131702.0,1708075321.3804767
1024,3.26,34.09,131828.0,1708075321.509454
1025,3.27,34.15,131957.0,1708075321.6364534
1026,3.03,34.14,132083.0,1708075321.767454
1027,2.9,34.2,132215.0,1708075321.8983483
1028,2.76,34.2,132345.0,1708075322.0265546
1029,2.69,34.26,132473.0,1708075322.154559
1030,2.51,34.24,132602.0,1708075322.281602
1031,2.43,34.26,132729.0,1708075322.4105659
1032,2.3,34.27,132858.0,1708075322.5364616
1033,2.26,34.3,132983.0,1708075322.6624372
1034,2.2,34.34,133109.0,1708075322.7894368
1035,2.09,34.3,133236.0,1708075322.9192617
1036,2.05,34.33,133366.0,1708075323.0474455
1037,1.93,34.32,133494.0,1708075323.1744301
1038,1.88,34.3,133621.0,1708075323.301432
1039,1.79,34.24,133748.0,1708075323.4292607
1040,1.66,34.26,133877.0,1708075323.5573192
1041,1.64,34.17,134005.0,1708075323.6823027
1042,1.65,34.1,134130.0,1708075323.8103023
1043,1.64,34.03,134257.0,1708075323.9382133
1044,1.76,33.93,134385.0,1708075324.0641692
1045,1.88,33.86,134511.0,1708075324.1907206
1046,2.02,33.74,134638.0,1708075324.3181672
1047,2.21,33.67,134765.0,1708075324.4460862
1048,2.35,33.63,134893.0,1708075324.5720432
1049,2.73,33.53,135019.0,1708075324.7000418
1050,2.81,33.49,135147.0,1708075324.8308496
1051,3.03,33.44,135278.0,1708075324.9570756
1052,3.09,33.51,135404.0,1708075325.0859027
1053,3.15,33.55,135533.0,1708075325.2150364
1054,3.29,33.59,135662.0,1708075325.3410347
1055,3.34,33.63,135788.0,1708075325.4680269
1056,3.49,33.67,135915.0,1708075325.597034
1057,3.53,33.7,136044.0,1708075325.7229004
1058,3.69,33.71,136170.0,1708075325.8519409
1059,3.75,33.76,136299.0,1708075325.981009
1060,3.81,33.78,136428.0,1708075326.106785
1061,3.93,33.84,136554.0,1708075326.2369244
1062,4.01,33.86,136683.0,1708075326.3660412
1063,4.21,33.87,136813.0,1708075326.4920163
1064,4.23,33.93,136939.0,1708075326.6209047
1065,3.85,33.92,137068.0,1708075326.747908
1066,3.7,33.97,137195.0,1708075326.8728886
1067,3.65,34.01,137320.0,1708075327.0008829
1068,3.48,34.03,137447.0,1708075327.1274395
1069,3.34,34.09,137574.0,1708075327.2558758
1070,3.37,34.07,137703.0,1708075327.3807592
1071,3.34,34.15,137828.0,1708075327.5076318
1072,3.2,34.14,137955.0,1708075327.6346276
1073,2.95,34.22,138081.0,1708075327.7666514
1074,2.86,34.22,138213.0,1708075327.8958833
1075,2.74,34.27,138343.0,1708075328.0264368
1076,2.65,34.28,138473.0,1708075328.1568737
1077,2.47,34.3,138603.0,1708075328.281871
1078,2.39,34.31,138729.0,1708075328.4087455
1079,2.31,34.33,138855.0,1708075328.536742
1080,2.15,34.37,138984.0,1708075328.6687405
1081,2.1,34.36,139115.0,1708075328.7946148
1082,2.01,34.38,139241.0,1708075328.922108
1083,1.95,34.36,139368.0,1708075329.0489247
1084,1.82,34.35,139496.0,1708075329.1766448
1085,1.79,34.38,139623.0,1708075329.3036084
1086,1.74,34.35,139750.0,1708075329.4316134
1087,1.71,34.26,139878.0,1708075329.5596056
1088,1.68,34.2,140006.0,1708075329.686605
1089,1.59,34.1,140133.0,1708075329.813604
1090,1.58,34.02,140260.0,1708075329.942612
1091,1.6,33.96,140389.0,1708075330.0676
1092,1.61,33.85,140514.0,1708075330.2003787
1093,1.63,33.82,140647.0,1708075330.3262208
1094,1.83,33.67,140773.0,1708075330.453591
1095,1.99,33.65,140900.0,1708075330.5812142
1096,2.19,33.5,141028.0,1708075330.7084556
1097,2.3,33.46,141155.0,1708075330.8354695
1098,2.7,33.42,141282.0,1708075330.9624822
1099,2.8,33.31,141409.0,1708075331.0873365
1100,2.9,33.3,141534.0,1708075331.2192528
1101,3.07,33.34,141665.0,1708075331.3452694
1102,3.12,33.42,141791.0,1708075331.4733515
1103,3.26,33.43,141920.0,1708075331.6073508
1104,3.32,33.5,142054.0,1708075331.7360866
1105,3.46,33.5,142182.0,1708075331.8634682
1106,3.52,33.56,142310.0,1708075331.9894483
1107,3.59,33.56,142435.0,1708075332.115447
1108,3.73,33.58,142561.0,1708075332.242322
1109,3.78,33.65,142688.0,1708075332.370929
1110,3.91,33.65,142817.0,1708075332.497308
1111,3.99,33.73,142943.0,1708075332.6253154
1112,4.12,33.73,143071.0,1708075332.7502143
1113,4.18,33.76,143196.0,1708075332.8801932
1114,4.29,33.82,143326.0,1708075333.010176
1115,4.37,33.87,143456.0,1708075333.1351821
1116,4.18,33.89,143582.0,1708075333.2621582
1117,3.84,33.91,143709.0,1708075333.3891866
1118,3.78,33.92,143836.0,1708075333.516181
1119,3.6,33.93,143963.0,1708075333.6430588
1120,3.5,34.0,144089.0,1708075333.7724533
1121,3.5,34.04,144218.0,1708075333.8980377
1122,3.44,34.1,144344.0,1708075334.0240526
1123,3.29,34.06,144471.0,1708075334.151922
1124,3.06,34.15,144598.0,1708075334.2789204
1125,3.0,34.12,144724.0,1708075334.4059176
1126,2.95,34.18,144851.0,1708075334.5337043
1127,2.77,34.19,144978.0,1708075334.6608012
1128,2.67,34.25,145106.0,1708075334.788808
1129,2.5,34.27,145234.0,1708075334.9177887
1130,2.4,34.28,145362.0,1708075335.0457346
1131,2.28,34.29,145490.0,1708075335.1707447
1132,2.22,34.34,145616.0,1708075335.298789
1133,2.17,34.38,145744.0,1708075335.425784
1134,2.02,34.4,145871.0,1708075335.5538018
1135,1.95,34.4,145999.0,1708075335.6797779
1136,1.82,34.36,146125.0,1708075335.8058722
1137,1.78,34.44,146251.0,1708075335.9346483
1138,1.62,34.42,146380.0,1708075336.0606475
1139,1.59,34.25,146506.0,1708075336.1883917
1140,1.59,34.18,146633.0,1708075336.3155246
1141,1.61,34.15,146760.0,1708075336.44254
1142,1.62,34.03,146888.0,1708075336.5703466
1143,1.69,33.98,147015.0,1708075336.7014186
1144,1.82,33.85,147146.0,1708075336.8295193
1145,1.97,33.79,147275.0,1708075336.9572072
1146,2.17,33.72,147402.0,1708075337.085528
1147,2.33,33.62,147531.0,1708075337.2105098
1148,2.67,33.57,147656.0,1708075337.3375103
1149,2.77,33.51,147783.0,1708075337.4653814
1150,2.95,33.5,147911.0,1708075337.5923848
1151,3.04,33.52,148037.0,1708075337.7205143
1152,3.09,33.62,148166.0,1708075337.8474224
1153,3.24,33.62,148293.0,1708075337.9803598
1154,3.3,33.67,148425.0,1708075338.108483
1155,3.43,33.7,148553.0,1708075338.2343225
1156,3.49,33.72,148679.0,1708075338.3623776
1157,3.64,33.77,148807.0,1708075338.4893696
1158,3.71,33.78,148935.0,1708075338.6153705
1159,3.76,33.82,149060.0,1708075338.7442641
1160,3.89,33.85,149189.0,1708075338.8712254
1161,3.96,33.91,149316.0,1708075338.9972394
1162,4.18,33.93,149442.0,1708075339.1252577
1163,4.19,34.0,149570.0,1708075339.2511096
1164,3.83,33.96,149695.0,1708075339.3771312
1165,3.66,34.03,149822.0,1708075339.5068123
1166,3.61,34.05,149952.0,1708075339.6381187
1167,3.44,34.06,150083.0,1708075339.768242
1168,3.32,34.14,150213.0,1708075339.8952355
1169,3.34,34.16,150340.0,1708075340.02123
1170,3.29,34.22,150465.0,1708075340.1480994
1171,3.02,34.19,150593.0,1708075340.2800965
1172,2.91,34.26,150725.0,1708075340.4052222
1173,2.83,34.23,150850.0,1708075340.5331204
1174,2.69,34.3,150978.0,1708075340.66057
1175,2.61,34.32,151105.0,1708075340.789803
1176,2.43,34.36,151235.0,1708075340.9171147
1177,2.34,34.4,151362.0,1708075341.045966
1178,2.19,34.4,151491.0,1708075341.171505
1179,2.12,34.45,151616.0,1708075341.30008
1180,2.09,34.43,151745.0,1708075341.425962
1181,1.95,34.46,151871.0,1708075341.554965
1182,1.87,34.44,151999.0,1708075341.6849544
1183,1.76,34.46,152129.0,1708075341.8105361
1184,1.71,34.47,152255.0,1708075341.9369555
1185,1.67,34.4,152382.0,1708075342.0639522
1186,1.66,34.3,152509.0,1708075342.1914334
1187,1.66,34.2,152636.0,1708075342.3207302
1188,1.66,34.15,152766.0,1708075342.4517355
1189,1.62,34.02,152896.0,1708075342.5799675
1190,1.54,33.97,153025.0,1708075342.7099428
1191,1.53,33.88,153154.0,1708075342.8380406
1192,1.57,33.82,153282.0,1708075342.9648983
1193,1.57,33.74,153409.0,1708075343.0928826
1194,1.59,33.61,153537.0,1708075343.223944
1195,1.83,33.54,153668.0,1708075343.353109
1196,1.97,33.51,153797.0,1708075343.4820583
1197,2.16,33.39,153926.0,1708075343.6090546
1198,2.29,33.32,154053.0,1708075343.734931
1199,2.68,33.23,154179.0,1708075343.8629284
1200,2.76,33.18,154307.0,1708075343.9899247
1201,2.86,33.17,154434.0,1708075344.1179457
1202,3.03,33.2,154562.0,1708075344.2428007
1203,3.1,33.27,154687.0,1708075344.3697994
1204,3.25,33.29,154814.0,1708075344.4977975
1205,3.29,33.34,154942.0,1708075344.6257117
1206,3.45,33.33,155070.0,1708075344.761474
1207,3.5,33.4,155205.0,1708075344.8879175
1208,3.56,33.42,155332.0,1708075345.013537
1209,3.7,33.45,155457.0,1708075345.1417716
1210,3.77,33.49,155586.0,1708075345.2667854
1211,3.9,33.51,155711.0,1708075345.3947837
1212,3.96,33.57,155838.0,1708075345.5216537
1213,4.08,33.58,155965.0,1708075345.650658
1214,4.15,33.64,156094.0,1708075345.7817774
1215,4.22,33.65,156225.0,1708075345.9102
1216,4.36,33.69,156354.0,1708075346.0403094
1217,4.48,33.73,156484.0,1708075346.1699202
1218,4.52,33.79,156613.0,1708075346.295772
1219,4.32,33.79,156739.0,1708075346.4217746
1220,4.0,33.8,156866.0,1708075346.548743
1221,3.94,33.83,156992.0,1708075346.677725
1222,3.86,33.85,157121.0,1708075346.802666
1223,3.66,33.93,157247.0,1708075346.929644
1224,3.7,33.93,157374.0,1708075347.0566432
1225,3.57,34.01,157501.0,1708075347.1836371
1226,3.43,33.97,157627.0,1708075347.3155851
1227,3.22,34.05,157759.0,1708075347.4441583
1228,3.16,34.04,157887.0,1708075347.568631
1229,3.09,34.08,158013.0,1708075347.6966462
1230,2.91,34.1,158141.0,1708075347.8234162
1231,2.81,34.13,158267.0,1708075347.9528942
1232,2.68,34.2,158396.0,1708075348.080535
1233,2.6,34.18,158524.0,1708075348.2084992
1234,2.47,34.24,158652.0,1708075348.3354344
1235,2.39,34.2,158779.0,1708075348.464497
1236,2.32,34.26,158908.0,1708075348.5955384
1237,2.2,34.28,159039.0,1708075348.7246215
1238,2.12,34.3,159168.0,1708075348.8516176
1239,1.99,34.27,159295.0,1708075348.9786143
1240,1.89,34.3,159422.0,1708075349.1065104
1241,1.77,34.27,159550.0,1708075349.2324867
1242,1.73,34.22,159676.0,1708075349.3594851
1243,1.69,34.25,159803.0,1708075349.486367
1244,1.71,34.19,159930.0,1708075349.6133575
1245,1.83,34.12,160056.0,1708075349.7393565
1246,2.13,34.05,160183.0,1708075349.8662286
1247,2.21,33.97,160310.0,1708075349.993211
1248,2.33,33.89,160437.0,1708075350.1212263
1249,2.67,33.88,160565.0,1708075350.2496572
1250,2.78,33.75,160693.0,1708075350.3782234
1251,2.99,33.76,160822.0,1708075350.5052586
1252,3.08,33.79,160949.0,1708075350.6322236
1253,3.21,33.83,161076.0,1708075350.7612188
1254,3.3,33.81,161205.0,1708075350.888112
1255,3.37,33.88,161332.0,1708075351.0130637
1256,3.49,33.93,161457.0,1708075351.1400895
1257,3.57,33.94,161584.0,1708075351.2669616
1258,3.7,33.98,161710.0,1708075351.3949692
1259,3.83,33.99,161838.0,1708075351.5219574
1260,3.81,34.05,161966.0,1708075351.6479607
1261,3.6,34.02,162092.0,1708075351.7808313
1262,3.39,34.1,162224.0,1708075351.9057102
1263,3.26,34.12,162349.0,1708075352.035093
1264,3.17,34.16,162478.0,1708075352.1599538
1265,3.0,34.22,162604.0,1708075352.2868288
1266,3.03,34.2,162729.0,1708075352.4137352
1267,3.0,34.28,162856.0,1708075352.541373
1268,2.75,34.25,162984.0,1708075352.6688275
1269,2.63,34.32,163111.0,1708075352.7967381
1270,2.51,34.31,163239.0,1708075352.922692
1271,2.43,34.38,163365.0,1708075353.0495543
1272,2.25,34.38,163492.0,1708075353.1750143
1273,2.16,34.4,163618.0,1708075353.3045619
1274,2.09,34.4,163747.0,1708075353.4295642
1275,2.0,34.42,163872.0,1708075353.5575607
1276,1.92,34.45,163999.0,1708075353.6887686
1277,1.8,34.37,164131.0,1708075353.8148725
1278,1.76,34.41,164257.0,1708075353.9415603
1279,1.69,34.42,164384.0,1708075354.0695522
1280,1.65,34.31,164511.0,1708075354.1977057
1281,1.68,34.22,164640.0,1708075354.3225496
1282,1.65,34.21,164765.0,1708075354.4504223
1283,1.62,34.06,164892.0,1708075354.577319
1284,1.54,34.01,165019.0,1708075354.7043025
1285,1.57,33.89,165146.0,1708075354.8302946
1286,1.58,33.83,165272.0,1708075354.9572923
1287,1.59,33.8,165399.0,1708075355.0842934
1288,1.63,33.66,165527.0,1708075355.2107115
1289,1.85,33.62,165653.0,1708075355.3411615
1290,2.03,33.49,165784.0,1708075355.4695137
1291,2.18,33.45,165912.0,1708075355.5961576
1292,2.45,33.37,166038.0,1708075355.7231598
1293,2.61,33.29,166165.0,1708075355.851857
1294,2.79,33.24,166294.0,1708075355.9788463
1295,2.87,33.23,166421.0,1708075356.1041532
1296,3.02,33.29,166546.0,1708075356.2320266
1297,3.09,33.31,166674.0,1708075356.3580294
1298,3.17,33.38,166800.0,1708075356.4850216
1299,3.29,33.37,166927.0,1708075356.612874
1300,3.35,33.42,167055.0,1708075356.7388504
1301,3.5,33.44,167181.0,1708075356.8668942
1302,3.57,33.49,167309.0,1708075356.994919
1303,3.7,33.51,167437.0,1708075357.120284
1304,3.76,33.55,167562.0,1708075357.2466722
1305,3.84,33.56,167689.0,1708075357.382705
1306,3.96,33.61,167825.0,1708075357.5088856
1307,4.03,33.65,167951.0,1708075357.6368814
1308,4.16,33.69,168079.0,1708075357.7628827
1309,4.23,33.73,168205.0,1708075357.8903112
1310,4.43,33.77,168332.0,1708075358.0166452
1311,4.44,33.81,168459.0,1708075358.1437542
1312,4.29,33.79,168586.0,1708075358.2717533
1313,3.91,33.85,168714.0,1708075358.397433
1314,3.86,33.86,168840.0,1708075358.5253534
1315,3.67,33.92,168967.0,1708075358.650877
1316,3.55,33.96,169093.0,1708075358.7824113
1317,3.58,33.97,169225.0,1708075358.9096189
1318,3.52,34.04,169352.0,1708075359.0375981
1319,3.36,33.99,169480.0,1708075359.1646156
1320,3.15,34.04,169607.0,1708075359.292612
1321,3.07,34.07,169735.0,1708075359.4174871
1322,2.94,34.14,169860.0,1708075359.5464876
1323,2.85,34.14,169989.0,1708075359.6714847
1324,2.76,34.18,170114.0,1708075359.7984867
1325,2.6,34.16,170241.0,1708075359.9264853
1326,2.56,34.19,170368.0,1708075360.0534792
1327,2.42,34.2,170494.0,1708075360.1792223
1328,2.31,34.21,170621.0,1708075360.3073564
1329,2.22,34.26,170749.0,1708075360.4372478
1330,2.13,34.28,170878.0,1708075360.5643206
1331,2.06,34.25,171005.0,1708075360.6918848
1332,1.91,34.21,171133.0,1708075360.819219
1333,1.83,34.25,171260.0,1708075360.946218
1334,1.76,34.23,171387.0,1708075361.0742385
1335,1.7,34.23,171515.0,1708075361.2012162
1336,1.73,34.23,171643.0,1708075361.331858
1337,1.83,34.18,171773.0,1708075361.4582112
1338,1.99,34.06,171899.0,1708075361.5842125
1339,2.18,33.96,172025.0,1708075361.7130852
1340,2.35,33.94,172154.0,1708075361.8380854
1341,2.65,33.81,172279.0,1708075361.9659653
1342,2.74,33.79,172407.0,1708075362.1005354
1343,2.96,33.77,172541.0,1708075362.229204
1344,3.03,33.83,172670.0,1708075362.354204
1345,3.1,33.83,172795.0,1708075362.482924
1346,3.25,33.88,172924.0,1708075362.6080742
1347,3.31,33.92,173049.0,1708075362.7350707
1348,3.45,33.96,173176.0,1708075362.8630774
1349,3.5,34.0,173304.0,1708075362.9901102
1350,3.73,33.99,173431.0,1708075363.115936
1351,3.72,34.07,173557.0,1708075363.242935
1352,3.56,34.04,173684.0,1708075363.3736987
1353,3.18,34.1,173815.0,1708075363.5037987
1354,3.14,34.14,173945.0,1708075363.633473
1355,2.95,34.15,174075.0,1708075363.7610767
1356,2.84,34.23,174202.0,1708075363.8869305
1357,2.89,34.19,174327.0,1708075364.0140631
1358,2.83,34.29,174454.0,1708075364.142941
1359,2.68,34.23,174584.0,1708075364.2728827
1360,2.43,34.29,174713.0,1708075364.4009283
1361,2.37,34.3,174842.0,1708075364.5351517
1362,2.24,34.36,174977.0,1708075364.666174
1363,2.14,34.36,175107.0,1708075364.7911735
1364,2.05,34.39,175233.0,1708075364.9200456
1365,2.02,34.41,175361.0,1708075365.0490875
1366,1.97,34.36,175490.0,1708075365.1761706
1367,1.85,34.37,175618.0,1708075365.3076794
1368,1.79,34.34,175749.0,1708075365.4348054
1369,1.74,34.36,175876.0,1708075365.5614204
1370,1.69,34.23,176003.0,1708075365.6897244
1371,1.59,34.15,176131.0,1708075365.814943
1372,1.6,34.05,176257.0,1708075365.9431365
1373,1.62,33.97,176384.0,1708075366.06906
1374,1.64,33.89,176510.0,1708075366.1961968
1375,1.67,33.84,176636.0,1708075366.3228111
1376,1.89,33.72,176763.0,1708075366.449282
1377,2.05,33.66,176890.0,1708075366.5771515
1378,2.22,33.53,177017.0,1708075366.7051218
1379,2.36,33.49,177145.0,1708075366.830798
1380,2.61,33.48,177271.0,1708075366.9576843
1381,2.78,33.36,177398.0,1708075367.0847104
1382,2.88,33.36,177525.0,1708075367.2131703
1383,3.03,33.45,177653.0,1708075367.3406518
1384,3.07,33.49,177781.0,1708075367.469712
1385,3.23,33.5,177909.0,1708075367.5965743
1386,3.28,33.53,178036.0,1708075367.7236342
1387,3.34,33.56,178164.0,1708075367.8516397
1388,3.44,33.6,178292.0,1708075367.977581
1389,3.51,33.64,178418.0,1708075368.1045399
1390,3.64,33.65,178545.0,1708075368.232512
1391,3.7,33.72,178673.0,1708075368.3605232
1392,3.77,33.71,178801.0,1708075368.4877393
1393,3.87,33.77,178928.0,1708075368.6125007
1394,3.95,33.78,179053.0,1708075368.740402
1395,4.06,33.85,179180.0,1708075368.8765004
1396,4.17,33.87,179316.0,1708075369.0035124
1397,4.18,33.91,179444.0,1708075369.1285172
1398,3.97,33.93,179569.0,1708075369.25549
1399,3.76,33.94,179696.0,1708075369.3824897
1400,3.63,33.98,179822.0,1708075369.5113828
1401,3.55,34.0,179952.0,1708075369.638351
1402,3.36,34.07,180078.0,1708075369.7640526
1403,3.4,34.07,180204.0,1708075369.8903587
1404,3.25,34.15,180330.0,1708075370.0177798
1405,3.12,34.1,180458.0,1708075370.1451051
1406,2.99,34.18,180585.0,1708075370.2732148
1407,2.85,34.16,180713.0,1708075370.4015489
1408,2.78,34.22,180842.0,1708075370.5291805
1409,2.62,34.25,180969.0,1708075370.6569657
1410,2.51,34.27,181098.0,1708075370.7838666
1411,2.39,34.32,181224.0,1708075370.9096081
1412,2.33,34.29,181350.0,1708075371.0390959
1413,2.24,34.31,181479.0,1708075371.1650915
1414,2.14,34.35,181605.0,1708075371.2931142
1415,2.06,34.41,181733.0,1708075371.4180923
1416,2.01,34.34,181858.0,1708075371.5469644
1417,1.94,34.36,181987.0,1708075371.671963
1418,1.84,34.33,182112.0,1708075371.8009827
1419,1.68,34.27,182241.0,1708075371.925962
1420,1.63,34.27,182366.0,1708075372.052835
1421,1.62,34.23,182493.0,1708075372.184056
1422,1.6,34.18,182624.0,1708075372.3108304
1423,1.69,34.08,182751.0,1708075372.4400873
1424,1.79,33.98,182880.0,1708075372.5668213
1425,1.95,33.9,183007.0,1708075372.6928241
1426,2.16,33.81,183133.0,1708075372.8187027
1427,2.24,33.75,183259.0,1708075372.9456997
1428,2.65,33.7,183386.0,1708075373.0729694
1429,2.72,33.61,183513.0,1708075373.1996927
1430,2.81,33.55,183640.0,1708075373.3285663
1431,2.96,33.63,183769.0,1708075373.453532
1432,3.03,33.66,183894.0,1708075373.5805686
1433,3.14,33.7,184020.0,1708075373.707566
1434,3.21,33.72,184147.0,1708075373.8344357
1435,3.31,33.78,184273.0,1708075373.9656913
1436,3.37,33.8,184404.0,1708075374.0958912
1437,3.44,33.84,184536.0,1708075374.2255821
1438,3.57,33.85,184665.0,1708075374.3505547
1439,3.62,33.89,184791.0,1708075374.477425
1440,3.73,33.91,184918.0,1708075374.6064198
1441,3.83,33.97,185046.0,1708075374.7324452
1442,3.87,34.0,185171.0,1708075374.8594227
1443,3.66,33.97,185299.0,1708075374.9854228
1444,3.43,34.02,185425.0,1708075375.1134224
1445,3.3,34.06,185552.0,1708075375.2399812
1446,3.22,34.1,185679.0,1708075375.3686264
1447,3.03,34.14,185807.0,1708075375.4957373
1448,3.04,34.13,185935.0,1708075375.6243124
1449,2.97,34.22,186063.0,1708075375.7512877
1450,2.8,34.19,186190.0,1708075375.8802857
1451,2.7,34.24,186319.0,1708075376.0063167
1452,2.53,34.23,186445.0,1708075376.1322834
1453,2.49,34.29,186571.0,1708075376.2591567
1454,2.31,34.31,186698.0,1708075376.3871636
1455,2.21,34.31,186826.0,1708075376.5141132
1456,2.18,34.3,186953.0,1708075376.6400006
1457,2.1,34.34,187079.0,1708075376.7690227
1458,2.05,34.34,187208.0,1708075376.8970308
1459,1.95,34.28,187336.0,1708075377.0251303
1460,1.89,34.33,187464.0,1708075377.1520052
1461,1.74,34.28,187591.0,1708075377.2790217
1462,1.67,34.29,187718.0,1708075377.4091356
1463,1.62,34.24,187848.0,1708075377.5380003
1464,1.66,34.1,187977.0,1708075377.6640139
1465,1.65,34.01,188103.0,1708075377.791013
1466,1.74,33.99,188230.0,1708075377.9179084
1467,1.85,33.84,188357.0,1708075378.0448837
1468,2.15,33.8,188483.0,1708075378.1738665
1469,2.22,33.68,188613.0,1708075378.298883
1470,2.39,33.62,188738.0,1708075378.4288006
1471,2.69,33.57,188867.0,1708075378.5578327
1472,2.8,33.5,188997.0,1708075378.6861842
1473,2.97,33.51,189125.0,1708075378.8148794
1474,3.03,33.6,189254.0,1708075378.9423356
1475,3.17,33.63,189381.0,1708075379.0689073
1476,3.25,33.63,189508.0,1708075379.1958702
1477,3.3,33.7,189634.0,1708075379.3233254
1478,3.44,33.71,189762.0,1708075379.4517603
1479,3.48,33.78,189891.0,1708075379.5777366
1480,3.65,33.79,190016.0,1708075379.7047389
1481,3.69,33.8,190143.0,1708075379.830611
1482,3.84,33.85,190269.0,1708075379.9614646
1483,3.9,33.87,190400.0,1708075380.0886614
1484,4.01,33.94,190527.0,1708075380.2170055
1485,4.08,33.96,190655.0,1708075380.3421955
1486,3.89,33.97,190781.0,1708075380.4699416
1487,3.55,33.99,190909.0,1708075380.5969899
1488,3.48,34.05,191035.0,1708075380.7246962
1489,3.42,34.05,191164.0,1708075380.8504543
1490,3.21,34.15,191289.0,1708075380.9800842
1491,3.23,34.13,191419.0,1708075381.1084301
1492,3.16,34.2,191547.0,1708075381.23547
1493,3.01,34.17,191674.0,1708075381.3674772
1494,2.79,34.23,191806.0,1708075381.4934406
1495,2.72,34.24,191932.0,1708075381.6214473
1496,2.66,34.3,192059.0,1708075381.7484686
1497,2.48,34.3,192187.0,1708075381.8754697
1498,2.4,34.31,192314.0,1708075382.002339
1499,2.24,34.37,192441.0,1708075382.1313686
1500,2.18,34.34,192570.0,1708075382.2614648
1501,2.05,34.37,192700.0,1708075382.388456
1502,2.03,34.34,192827.0,1708075382.5143316
1503,2.01,34.38,192953.0,1708075382.640328
1504,1.86,34.36,193079.0,1708075382.7733266
1505,1.79,34.35,193212.0,1708075382.8992805
1506,1.7,34.38,193337.0,1708075383.0282123
1507,1.68,34.32,193466.0,1708075383.158329
1508,1.6,34.25,193597.0,1708075383.283972
1509,1.56,34.09,193722.0,1708075383.4103231
1510,1.53,34.06,193849.0,1708075383.5373201
1511,1.57,33.99,193976.0,1708075383.6661882
1512,1.57,33.89,194104.0,1708075383.7921886
1513,1.67,33.82,194230.0,1708075383.9191866
1514,1.79,33.69,194357.0,1708075384.0461845
1515,2.05,33.66,194484.0,1708075384.172187
1516,2.11,33.59,194610.0,1708075384.2991822
1517,2.32,33.5,194738.0,1708075384.430069
1518,2.61,33.41,194869.0,1708075384.5593054
1519,2.74,33.37,194997.0,1708075384.684122
1520,2.91,33.37,195123.0,1708075384.813023
1521,2.97,33.45,195251.0,1708075384.9390504
1522,3.11,33.5,195377.0,1708075385.0650494
1523,3.18,33.53,195503.0,1708075385.193893
1524,3.24,33.55,195632.0,1708075385.3208933
1525,3.37,33.6,195759.0,1708075385.4479187
1526,3.44,33.63,195886.0,1708075385.5759199
1527,3.58,33.65,196014.0,1708075385.706919
1528,3.65,33.68,196145.0,1708075385.8350136
1529,3.79,33.71,196273.0,1708075385.9619155
1530,3.85,33.78,196400.0,1708075386.088938
1531,3.92,33.79,196527.0,1708075386.2153976
1532,4.05,33.85,196654.0,1708075386.3474483
1533,4.15,33.87,196786.0,1708075386.4759204
1534,4.21,33.91,196913.0,1708075386.600905
1535,3.98,33.91,197039.0,1708075386.7278924
1536,3.68,33.95,197166.0,1708075386.8587763
1537,3.63,34.01,197296.0,1708075386.9877188
1538,3.55,33.99,197425.0,1708075387.115783
1539,3.35,34.07,197554.0,1708075387.2448947
1540,3.39,34.03,197683.0,1708075387.3709238
1541,3.28,34.11,197809.0,1708075387.4998972
1542,3.12,34.1,197938.0,1708075387.6277847
1543,2.92,34.16,198066.0,1708075387.7558951
1544,2.87,34.18,198194.0,1708075387.882892
1545,2.8,34.2,198321.0,1708075388.0108888
1546,2.61,34.2,198448.0,1708075388.13676
1547,2.52,34.23,198574.0,1708075388.2657566
1548,2.41,34.26,198704.0,1708075388.3941262
1549,2.37,34.27,198832.0,1708075388.5217564
1550,2.21,34.31,198959.0,1708075388.649713
1551,2.1,34.3,199087.0,1708075388.7767284
1552,2.07,34.36,199214.0,1708075388.9037554
1553,1.96,34.34,199341.0,1708075389.0316393
1554,1.88,34.35,199469.0,1708075389.158647
1555,1.7,34.31,199596.0,1708075389.2856243
1556,1.65,34.29,199723.0,1708075389.4106216
1557,1.65,34.3,199847.0,1708075389.537451
1558,1.6,34.24,199974.0,1708075389.6664896
1559,1.63,34.17,200103.0,1708075389.7935135
1560,1.87,34.03,200230.0,1708075389.9194913
1561,2.03,34.02,200356.0,1708075390.047386
1562,2.16,33.89,200484.0,1708075390.1752326
1563,2.42,33.86,200612.0,1708075390.3049157
1564,2.59,33.79,200741.0,1708075390.4313219
1565,2.75,33.72,200868.0,1708075390.5593486
1566,2.86,33.69,200996.0,1708075390.6863768
1567,3.01,33.8,201123.0,1708075390.8163505
1568,3.08,33.82,201252.0,1708075390.9443727
1569,3.23,33.84,201381.0,1708075391.0703485
1570,3.28,33.88,201506.0,1708075391.1973486
1571,3.36,33.89,201634.0,1708075391.3242404
1572,3.49,33.97,201761.0,1708075391.4512143
1573,3.56,33.97,201887.0,1708075391.5801473
1574,3.76,33.99,202017.0,1708075391.7105901
1575,3.79,34.03,202148.0,1708075391.8403416
1576,3.39,34.05,202277.0,1708075391.9673395
1577,3.26,34.09,202404.0,1708075392.0962136
1578,3.2,34.13,202533.0,1708075392.226351
1579,3.03,34.15,202663.0,1708075392.3513355
1580,2.93,34.2,202788.0,1708075392.4812384
1581,2.92,34.19,202918.0,1708075392.6122057
1582,2.89,34.27,203048.0,1708075392.7403266
1583,2.61,34.25,203177.0,1708075392.8693311
1584,2.52,34.31,203305.0,1708075392.9943297
1585,2.44,34.33,203431.0,1708075393.1213248
1586,2.3,34.37,203557.0,1708075393.2492054
1587,2.22,34.39,203685.0,1708075393.3752158
1588,2.07,34.38,203811.0,1708075393.5032043
1589,2.03,34.37,203939.0,1708075393.6291976
1590,1.95,34.41,204065.0,1708075393.756064
1591,1.86,34.42,204192.0,1708075393.8851092
1592,1.79,34.35,204321.0,1708075394.010066
1593,1.71,34.39,204446.0,1708075394.1383274
1594,1.64,34.39,204575.0,1708075394.2670999
1595,1.56,34.23,204704.0,1708075394.3969514
1596,1.57,34.15,204833.0,1708075394.522024
1597,1.6,34.05,204959.0,1708075394.6500616
1598,1.59,33.98,205086.0,1708075394.778069
1599,1.61,33.95,205214.0,1708075394.9040534
1600,1.84,33.8,205340.0,1708075395.0299327
1601,2.01,33.77,205466.0,1708075395.1589527
1602,2.2,33.65,205595.0,1708075395.285583
1603,2.4,33.6,205721.0,1708075395.4128137
1604,2.61,33.56,205849.0,1708075395.538794
1605,2.8,33.47,205975.0,1708075395.6647923
1606,2.88,33.47,206101.0,1708075395.7976658
1607,3.05,33.56,206234.0,1708075395.923663
1608,3.1,33.58,206360.0,1708075396.0509326
1609,3.26,33.58,206487.0,1708075396.177629
1610,3.31,33.64,206614.0,1708075396.3046606
1611,3.39,33.66,206740.0,1708075396.4316576
1612,3.51,33.69,206868.0,1708075396.559546
1613,3.58,33.73,206995.0,1708075396.6865237
1614,3.7,33.73,207123.0,1708075396.8125286
1615,3.76,33.8,207248.0,1708075396.9395251
1616,3.85,33.82,207375.0,1708075397.0665257
1617,3.96,33.87,207502.0,1708075397.1934218
1618,4.08,33.89,207630.0,1708075397.3194003
1619,4.14,33.96,207756.0,1708075397.4464002
1620,3.96,33.95,207883.0,1708075397.577909
1621,3.64,33.98,208014.0,1708075397.7074876
1622,3.58,34.0,208144.0,1708075397.8385193
1623,3.37,34.0,208275.0,1708075397.967519
1624,3.28,34.07,208403.0,1708075398.094514
1625,3.3,34.08,208531.0,1708075398.2215126
1626,3.22,34.17,208658.0,1708075398.3485146
1627,3.09,34.13,208784.0,1708075398.474387
1628,2.85,34.23,208911.0,1708075398.6010978
1629,2.81,34.19,209037.0,1708075398.7303205
1630,2.75,34.28,209167.0,1708075398.861551
1631,2.55,34.28,209297.0,1708075398.9887853
1632,2.47,34.32,209424.0,1708075399.1151516
1633,2.33,34.34,209551.0,1708075399.241376
1634,2.25,34.35,209677.0,1708075399.3692691
1635,2.13,34.38,209805.0,1708075399.4952466
1636,2.05,34.34,209931.0,1708075399.6232686
1637,2.0,34.39,210059.0,1708075399.7492428
1638,1.9,34.39,210185.0,1708075399.8770413
1639,1.84,34.41,210313.0,1708075400.0020952
1640,1.76,34.33,210438.0,1708075400.1291142
1641,1.73,34.36,210565.0,1708075400.2561126
1642,1.6,34.32,210692.0,1708075400.385988
1643,1.57,34.15,210822.0,1708075400.5169816
1644,1.56,34.09,210953.0,1708075400.647067
1645,1.59,34.0,211082.0,1708075400.7731025
1646,1.58,33.95,211209.0,1708075400.8990316
1647,1.69,33.89,211335.0,1708075401.0277436
1648,1.8,33.76,211464.0,1708075401.1524622
1649,2.07,33.7,211588.0,1708075401.3391254
1650,2.32,33.59,211774.0,1708075401.4710433
1651,2.54,33.5,211906.0,1708075401.6099577
1652,2.75,33.44,212045.0,1708075401.7468734
1653,2.85,33.42,212183.0,1708075401.874755
1654,3.0,33.45,212310.0,1708075402.0085926
1655,3.06,33.51,212444.0,1708075402.2384503
1656,3.24,33.59,212673.0,1708075402.4103434
1657,3.4,33.63,212845.0,1708075402.5612502
1658,3.46,33.67,212997.0,1708075402.708159
1659,3.6,33.7,213143.0,1708075402.8390787
1660,3.66,33.74,213274.0,1708075402.9679976
1661,3.8,33.76,213403.0,1708075403.09492
1662,3.86,33.78,213530.0,1708075403.222839
1663,3.99,33.84,213657.0,1708075403.3487618
1664,4.06,33.88,213784.0,1708075403.4786806
1665,4.15,33.92,213913.0,1708075403.606603
1666,4.25,33.96,214042.0,1708075403.7335227
1667,4.08,33.93,214169.0,1708075403.8624425
1668,3.74,34.0,214297.0,1708075403.9903634
1669,3.67,34.02,214425.0,1708075404.119284
1670,3.49,34.03,214554.0,1708075404.2472034
1671,3.38,34.12,214682.0,1708075404.3741248
1672,3.39,34.12,214808.0,1708075404.5000463
1673,3.33,34.2,214934.0,1708075404.6272285
1674,3.18,34.15,215062.0,1708075404.7527046
1675,2.96,34.23,215188.0,1708075404.8846905
1676,2.88,34.21,215319.0,1708075405.0111787
1677,2.76,34.27,215446.0,1708075405.1391823
1678,2.66,34.28,215574.0,1708075405.2661767
1679,2.57,34.33,215701.0,1708075405.3949149
1680,2.4,34.37,215829.0,1708075405.5251732
1681,2.34,34.35,215960.0,1708075405.6511753
1682,2.19,34.35,216085.0,1708075405.7771761
1683,2.07,34.35,216212.0,1708075405.9130387
1684,2.02,34.4,216348.0,1708075406.0416648
1685,1.95,34.43,216476.0,1708075406.170783
1686,1.89,34.42,216605.0,1708075406.2982972
1687,1.82,34.36,216733.0,1708075406.426286
1688,1.75,34.38,216860.0,1708075406.5521834
1689,1.68,34.37,216987.0,1708075406.6781683
1690,1.67,34.27,217113.0,1708075406.8051481
1691,1.57,34.2,217240.0,1708075406.9331539
1692,1.55,34.13,217367.0,1708075407.0670276
1693,1.55,34.02,217501.0,1708075407.1952722
1694,1.58,33.95,217629.0,1708075407.3211546
1695,1.56,33.83,217755.0,1708075407.4491482
1696,1.66,33.79,217884.0,1708075407.5771508
1697,1.78,33.66,218011.0,1708075407.7031448
1698,2.07,33.63,218137.0,1708075407.828939
1699,2.14,33.55,218264.0,1708075407.9580405
1700,2.56,33.46,218392.0,1708075408.0833523
1701,2.64,33.38,218517.0,1708075408.2110138
1702,2.74,33.34,218645.0,1708075408.3408875
1703,2.93,33.31,218775.0,1708075408.4694529
1704,2.99,33.38,218903.0,1708075408.5958695
1705,3.13,33.45,219030.0,1708075408.721845
1706,3.2,33.47,219156.0,1708075408.8501728
1707,3.25,33.49,219284.0,1708075408.9758828
1708,3.4,33.54,219410.0,1708075409.1037414
1709,3.43,33.56,219538.0,1708075409.2318914
1710,3.6,33.61,219666.0,1708075409.356878
1711,3.65,33.64,219791.0,1708075409.4857705
1712,3.78,33.66,219920.0,1708075409.6117456
1713,3.84,33.72,220046.0,1708075409.738538
1714,3.91,33.73,220173.0,1708075409.866614
1715,4.05,33.78,220301.0,1708075409.9936097
1716,4.11,33.8,220428.0,1708075410.119616
1717,4.32,33.82,220553.0,1708075410.2485008
1718,4.32,33.88,220683.0,1708075410.3785307
1719,3.94,33.89,220813.0,1708075410.5040488
1720,3.8,33.93,220938.0,1708075410.631375
1721,3.74,33.98,221065.0,1708075410.7612708
1722,3.59,33.98,221196.0,1708075410.8906121
1723,3.47,34.06,221324.0,1708075411.0170012
1724,3.5,34.02,221451.0,1708075411.143499
1725,3.44,34.1,221578.0,1708075411.2713056
1726,3.27,34.08,221706.0,1708075411.3975077
1727,3.03,34.16,221832.0,1708075411.5234735
1728,2.96,34.17,221957.0,1708075411.652347
1729,2.82,34.22,222086.0,1708075411.7789316
1730,2.74,34.24,222213.0,1708075411.908951
1731,2.55,34.25,222343.0,1708075412.0362635
1732,2.48,34.28,222470.0,1708075412.1646087
1733,2.4,34.29,222598.0,1708075412.2893417
1734,2.22,34.33,222724.0,1708075412.4166517
1735,2.18,34.34,222851.0,1708075412.5448837
1736,2.03,34.35,222979.0,1708075412.6694453
1737,2.02,34.34,223104.0,1708075412.7982082
1738,1.95,34.34,223233.0,1708075412.9252093
1739,1.87,34.34,223358.0,1708075413.0531018
1740,1.82,34.32,223488.0,1708075413.1772609
1741,1.72,34.31,223611.0,1708075413.3050785
1742,1.66,34.3,223738.0,1708075413.43197
1743,1.55,34.21,223865.0,1708075413.558948
1744,1.56,34.09,223992.0,1708075413.68844
1745,1.58,34.05,224121.0,1708075413.8165684
1746,1.59,33.92,224249.0,1708075413.9448357
1747,1.62,33.88,224378.0,1708075414.0708985
1748,1.86,33.75,224504.0,1708075414.197945
1749,2.03,33.71,224631.0,1708075414.3247957
1750,2.21,33.64,224758.0,1708075414.4528131
1751,2.32,33.53,224885.0,1708075414.5808156
1752,2.6,33.51,225013.0,1708075414.705923
1753,2.79,33.39,225139.0,1708075414.8328078
1754,2.89,33.39,225266.0,1708075414.9608247
1755,3.07,33.38,225394.0,1708075415.0868073
1756,3.13,33.5,225520.0,1708075415.2165563
1757,3.27,33.51,225650.0,1708075415.3480513
1758,3.33,33.58,225781.0,1708075415.4775438
1759,3.39,33.6,225911.0,1708075415.602802
1760,3.53,33.61,226036.0,1708075415.7318168
1761,3.6,33.67,226165.0,1708075415.8608117
1762,3.74,33.68,226294.0,1708075415.9874027
1763,3.79,33.75,226421.0,1708075416.114792
1764,3.94,33.74,226548.0,1708075416.242017
1765,4.01,33.77,226675.0,1708075416.368521
1766,4.07,33.82,226802.0,1708075416.50366
1767,4.27,33.85,226936.0,1708075416.6307871
1768,4.3,33.88,227063.0,1708075416.759785
1769,3.95,33.89,227192.0,1708075416.8868275
1770,3.79,33.94,227320.0,1708075417.01676
1771,3.67,33.98,227449.0,1708075417.1437795
1772,3.57,33.97,227576.0,1708075417.2718022
1773,3.45,34.05,227704.0,1708075417.3978088
1774,3.43,34.03,227830.0,1708075417.527674
1775,3.39,34.09,227961.0,1708075417.656288
1776,3.15,34.11,228089.0,1708075417.781773
1777,3.05,34.18,228214.0,1708075417.9096417
1778,2.9,34.2,228342.0,1708075418.0355809
1779,2.82,34.23,228468.0,1708075418.162141
1780,2.74,34.21,228595.0,1708075418.2915337
1781,2.55,34.27,228724.0,1708075418.417513
1782,2.47,34.29,228850.0,1708075418.544543
1783,2.32,34.31,228977.0,1708075418.671515
1784,2.26,34.32,229104.0,1708075418.7984083
1785,2.1,34.32,229231.0,1708075418.9243793
1786,2.07,34.35,229357.0,1708075419.0523827
1787,2.0,34.35,229485.0,1708075419.1804001
1788,1.91,34.35,229613.0,1708075419.3062525
1789,1.87,34.31,229739.0,1708075419.4372485
1790,1.76,34.31,229870.0,1708075419.5641115
1791,1.68,34.33,229996.0,1708075419.6902688
1792,1.59,34.32,230123.0,1708075419.818268
1793,1.54,34.14,230251.0,1708075419.9462683
1794,1.57,34.09,230379.0,1708075420.0712476
1795,1.57,34.07,230504.0,1708075420.1991148
1796,1.61,33.93,230631.0,1708075420.3271317
1797,1.82,33.88,230759.0,1708075420.4541347
1798,1.99,33.75,230887.0,1708075420.5821235
1799,2.08,33.7,231015.0,1708075420.7111158
1800,2.46,33.66,231143.0,1708075420.8391178
1801,2.57,33.56,231271.0,1708075420.9644275
1802,2.75,33.53,231397.0,1708075421.0928195
1803,2.83,33.47,231526.0,1708075421.2217405
1804,3.04,33.57,231654.0,1708075421.349106
1805,3.1,33.59,231782.0,1708075421.47799
1806,3.17,33.61,231910.0,1708075421.6048965
1807,3.31,33.63,232038.0,1708075421.7298818
1808,3.36,33.66,232162.0,1708075421.85798
1809,3.51,33.69,232290.0,1708075421.9838703
1810,3.57,33.74,232416.0,1708075422.111232
1811,3.71,33.8,232543.0,1708075422.2378411
1812,3.77,33.81,232670.0,1708075422.3646605
1813,3.84,33.83,232797.0,1708075422.4925816
1814,3.97,33.88,232925.0,1708075422.6205072
1815,4.09,33.91,233053.0,1708075422.7464266
1816,4.12,33.96,233179.0,1708075422.875342
1817,3.9,33.98,233307.0,1708075423.000264
1818,3.69,34.02,233432.0,1708075423.126613
1819,3.56,34.07,233559.0,1708075423.2535355
1820,3.47,34.05,233686.0,1708075423.382453
1821,3.28,34.13,233814.0,1708075423.507376
1822,3.3,34.11,233939.0,1708075423.6342971
1823,3.21,34.16,234066.0,1708075423.761221
1824,3.05,34.16,234193.0,1708075423.8891387
1825,2.93,34.22,234320.0,1708075424.0150611
1826,2.78,34.21,234447.0,1708075424.142983
1827,2.72,34.27,234574.0,1708075424.269902
1828,2.55,34.25,234701.0,1708075424.3968258
1829,2.46,34.31,234828.0,1708075424.5227456
1830,2.4,34.34,234955.0,1708075424.6512225
1831,2.2,34.37,235083.0,1708075424.7777233
1832,2.12,34.37,235210.0,1708075424.9036455
1833,2.04,34.39,235335.0,1708075425.031567
1834,2.01,34.39,235463.0,1708075425.158487
1835,1.93,34.35,235590.0,1708075425.2844083
1836,1.84,34.35,235716.0,1708075425.4123318
1837,1.77,34.34,235843.0,1708075425.5402493
1838,1.68,34.4,235971.0,1708075425.6671746
1839,1.61,34.32,236099.0,1708075425.7940917
1840,1.54,34.21,236226.0,1708075425.9200156
1841,1.52,34.13,236351.0,1708075426.0479345
1842,1.54,34.05,236479.0,1708075426.174858
1843,1.56,33.99,236607.0,1708075426.3007784
1844,1.58,33.88,236733.0,1708075426.4277015
1845,1.82,33.8,236859.0,1708075426.5542202
1846,1.98,33.76,236986.0,1708075426.6821423
1847,2.17,33.63,237113.0,1708075426.8080633
1848,2.43,33.6,237240.0,1708075426.9379852
1849,2.57,33.56,237369.0,1708075427.062906
1850,2.74,33.46,237495.0,1708075427.1908276
1851,2.83,33.43,237623.0,1708075427.3167472
1852,2.99,33.53,237748.0,1708075427.4436688
1853,3.06,33.54,237875.0,1708075427.5715911
1854,3.16,33.52,238003.0,1708075427.6975114
1855,3.28,33.59,238129.0,1708075427.8244343
1856,3.36,33.61,238256.0,1708075427.9523542
1857,3.49,33.67,238384.0,1708075428.0782745
1858,3.57,33.69,238510.0,1708075428.2061949
1859,3.69,33.7,238638.0,1708075428.3331187
1860,3.75,33.76,238765.0,1708075428.4596055
1861,3.84,33.77,238891.0,1708075428.5865262
1862,3.96,33.84,239017.0,1708075428.7124488
1863,4.03,33.85,239144.0,1708075428.8403704
1864,4.22,33.88,239271.0,1708075428.9672906
1865,4.26,33.91,239398.0,1708075429.0942135
1866,4.11,33.93,239525.0,1708075429.2211335
1867,3.71,33.99,239652.0,1708075429.3490555
1868,3.66,34.03,239780.0,1708075429.4759767
1869,3.49,34.05,239907.0,1708075429.6018982
1870,3.38,34.11,240033.0,1708075429.7288187
1871,3.38,34.09,240160.0,1708075429.8567386
1872,3.35,34.11,240287.0,1708075429.9836597
1873,3.21,34.14,240414.0,1708075430.1095815
1874,2.96,34.19,240540.0,1708075430.2375035
1875,2.88,34.21,240668.0,1708075430.3643644
1876,2.75,34.25,240795.0,1708075430.4906504
1877,2.67,34.23,240922.0,1708075430.6176503
1878,2.57,34.28,241048.0,1708075430.7438884
1879,2.42,34.29,241175.0,1708075430.8714414
1880,2.32,34.31,241302.0,1708075430.998192
1881,2.2,34.35,241429.0,1708075431.1257517
1882,2.13,34.37,241556.0,1708075431.2535284
1883,2.02,34.38,241684.0,1708075431.3795125
1884,1.95,34.38,241811.0,1708075431.506487
1885,1.94,34.42,241938.0,1708075431.6334472
1886,1.81,34.39,242064.0,1708075431.761251
1887,1.77,34.37,242192.0,1708075431.886532
1888,1.64,34.32,242318.0,1708075432.016256
1889,1.57,34.31,242447.0,1708075432.1421747
1890,1.55,34.2,242573.0,1708075432.2682533
1891,1.59,34.09,242699.0,1708075432.3959632
1892,1.58,34.03,242827.0,1708075432.522827
1893,1.66,33.92,242953.0,1708075432.6491704
1894,1.76,33.86,243080.0,1708075432.7770884
1895,2.06,33.8,243208.0,1708075432.904113
1896,2.12,33.69,243334.0,1708075433.0310915
1897,2.27,33.63,243461.0,1708075433.157829
1898,2.6,33.55,243589.0,1708075433.2900507
1899,2.7,33.51,243720.0,1708075433.4159524
1900,2.88,33.49,243847.0,1708075433.5430784
1901,2.95,33.58,243973.0,1708075433.6690323
1902,3.1,33.61,244100.0,1708075433.7978375
1903,3.17,33.67,244229.0,1708075433.9249573
1904,3.23,33.67,244356.0,1708075434.051971
1905,3.37,33.7,244483.0,1708075434.1779525
1906,3.43,33.74,244609.0,1708075434.3045423
1907,3.57,33.77,244734.0,1708075434.4328434
1908,3.63,33.82,244864.0,1708075434.5603845
1909,3.7,33.85,244990.0,1708075434.6868336
1910,3.84,33.85,245117.0,1708075434.813689
1911,3.91,33.92,245244.0,1708075434.9397125
1912,4.11,33.92,245369.0,1708075435.0676863
1913,4.14,33.99,245498.0,1708075435.1953979
1914,3.76,33.97,245626.0,1708075435.3274066
1915,3.61,34.02,245757.0,1708075435.45481
1916,3.54,34.08,245885.0,1708075435.5821948
1917,3.39,34.06,246012.0,1708075435.7106354
1918,3.27,34.14,246141.0,1708075435.8356092
1919,3.29,34.11,246265.0,1708075435.9626746
1920,3.24,34.19,246392.0,1708075436.0905526
1921,2.96,34.19,246520.0,1708075436.2175446
1922,2.87,34.26,246647.0,1708075436.3435452
1923,2.78,34.23,246773.0,1708075436.4705439
1924,2.64,34.3,246900.0,1708075436.6035478
1925,2.56,34.28,247033.0,1708075436.72952
1926,2.37,34.33,247159.0,1708075436.8555381
1927,2.29,34.35,247285.0,1708075436.9835439
1928,2.15,34.37,247413.0,1708075437.1095357
1929,2.09,34.41,247539.0,1708075437.2374475
1930,2.03,34.38,247667.0,1708075437.3651025
1931,1.96,34.43,247795.0,1708075437.491403
1932,1.9,34.39,247921.0,1708075437.6172817
1933,1.76,34.4,248047.0,1708075437.7442808
1934,1.72,34.43,248174.0,1708075437.87228
1935,1.69,34.46,248302.0,1708075438.0006146
1936,1.59,34.26,248430.0,1708075438.1307478
1937,1.55,34.17,248560.0,1708075438.2587721
1938,1.52,34.14,248688.0,1708075438.3870075
1939,1.55,34.03,248816.0,1708075438.5141773
1940,1.55,34.01,248944.0,1708075438.645716
1941,1.62,33.86,249075.0,1708075438.7722676
1942,1.83,33.82,249201.0,1708075438.9002702
1943,2.01,33.73,249330.0,1708075439.0272708
1944,2.09,33.63,249457.0,1708075439.1531932
1945,2.45,33.57,249583.0,1708075439.2801373
1946,2.59,33.46,249710.0,1708075439.408141
1947,2.78,33.43,249838.0,1708075439.5352108
1948,2.88,33.39,249965.0,1708075439.6623774
1949,2.94,33.52,250092.0,1708075439.7920232
1950,3.08,33.53,250221.0,1708075439.9211042
1951,3.15,33.59,250350.0,1708075440.052513
1952,3.28,33.6,250481.0,1708075440.1770942
1953,3.36,33.64,250606.0,1708075440.3051322
1954,3.5,33.67,250734.0,1708075440.43112
1955,3.56,33.7,250860.0,1708075440.5599942
1956,3.62,33.74,250989.0,1708075440.6859934
1957,3.75,33.77,251115.0,1708075440.8118606
1958,3.81,33.79,251241.0,1708075440.9419868
1959,3.94,33.83,251371.0,1708075441.070119
1960,4.01,33.86,251499.0,1708075441.1981435
1961,4.23,33.92,251628.0,1708075441.3240268
1962,4.24,33.95,251753.0,1708075441.4507868
1963,4.08,33.93,251880.0,1708075441.5795672
1964,3.69,34.0,252009.0,1708075441.7048042
1965,3.62,34.03,252134.0,1708075441.8328605
1966,3.47,34.02,252262.0,1708075441.9601707
1967,3.36,34.1,252389.0,1708075442.0856247
1968,3.38,34.12,252515.0,1708075442.2126808
1969,3.3,34.18,252642.0,1708075442.3396485
1970,3.15,34.15,252769.0,1708075442.4666107
1971,2.93,34.18,252896.0,1708075442.5935931
1972,2.85,34.21,253023.0,1708075442.7245917
1973,2.71,34.28,253154.0,1708075442.8538399
1974,2.62,34.28,253283.0,1708075442.9785004
1975,2.54,34.31,253408.0,1708075443.105588
1976,2.39,34.32,253535.0,1708075443.2335858
1977,2.31,34.34,253663.0,1708075443.360591
1978,2.16,34.37,253790.0,1708075443.4884617
1979,2.09,34.35,253918.0,1708075443.6141388
1980,2.04,34.39,254043.0,1708075443.7414865
1981,1.98,34.39,254170.0,1708075443.876075
1982,1.89,34.39,254305.0,1708075444.0025039
1983,1.79,34.38,254432.0,1708075444.1304479
1984,1.74,34.39,254559.0,1708075444.2596533
1985,1.63,34.35,254689.0,1708075444.3895638
1986,1.57,34.19,254818.0,1708075444.51657
1987,1.56,34.17,254946.0,1708075444.6434672
1988,1.58,34.11,255073.0,1708075444.7694457
1989,1.58,33.99,255198.0,1708075444.8953762
1990,1.63,33.94,255324.0,1708075445.0244398
1991,1.76,33.81,255453.0,1708075445.1494248
1992,2.05,33.77,255578.0,1708075445.2773206
1993,2.12,33.7,255706.0,1708075445.4053347
1994,2.51,33.6,255834.0,1708075445.534305
1995,2.63,33.54,255963.0,1708075445.662917
1996,2.74,33.49,256092.0,1708075445.7920074
1997,2.9,33.46,256221.0,1708075445.9194283
1998,2.98,33.52,256348.0,1708075446.0464256
1999,3.12,33.59,256475.0,1708075446.1733046
2000,3.2,33.61,256602.0,1708075446.3008628
